timestamp	stars_Algorithmic-Games.github.io	stars_Worm-Arena	stars_Kalaha-Replay	stars_Kalaha-Arena	stars_Participant-Template	stars_Arena-Template	stars_Interface-Template	stars_Community	stars_Replay-Template	stars_.github	stars_Worm-Replay	stars_Backend	stars_Arena-Manager	stars_total	incomplete_results	stars_P2P-Interface	stars_Kalaha-Replay-old	stars_Surveys	stars_Worm-Replay-old	stars_Arena-Worm	stars_Arena-Kalaha	stars_backend	stars_Algorithmic-Games.io	stars_AlgorithmicGames.github.io
2022-08-21T05:03:19.593Z	2	1	1	1	0	0	0	0	0	0	0	0	0	5										
2022-08-22T00:38:25.066Z	2	1	1	1	0	0	0	0	0	0	0	0	0	5										
2022-08-23T00:43:45.735Z	2	1	1	1	0	0	0	0	0	0	0	0	0	5										
2022-08-24T00:39:49.687Z	2	1	1	1	0	0	0	0	0	0	0	0	0	5										
2022-08-25T00:42:21.343Z	2	1	1	1	0	0	0	0	0	0	0	0	0	5										
2022-08-26T00:38:55.709Z	2	1	1	1	0	0	0	0	0	0	0	0	0	5										
2022-08-27T00:33:43.482Z	2	1	1	1	0	0	0	0	0	0	0	0	0	5										
2022-08-28T00:39:56.312Z	2	1	1	1	0	0	0	0	0	0	0	0	0	5										
2022-08-29T00:40:49.010Z	2	1	1	1	0	0	0	0	0	0	0	0	0	5										
2022-08-30T00:44:36.969Z	2	1	1	1	0	0	0	0	0	0	0	0	0	5										
2022-08-31T00:46:55.574Z	2	1	1	1	0	0	0	0	0	0	0	0	0	5										
2022-09-01T00:35:19.425Z	2	1	1	1	0	0	0	0	0	0	0	0	0	5										
2022-09-02T00:39:02.847Z	2	1	1	1	0	0	0	0	0	0	0	0	0	5										
2022-09-03T00:34:26.630Z	2	1	1	1	0	0	0	0	0	0	0	0	0	5										
2022-09-04T00:40:05.428Z	2	1	1	1	0	0	0	0	0	0	0	0	0	5										
2022-09-05T00:43:42.674Z	2	1	1	1	0	0	0	0	0	0	0	0	0	5										
2022-09-06T00:41:35.008Z	2	1	1	1	0	0	0	0	0	0	0	0	0	5										
2022-09-07T00:40:23.152Z	2	1	1	1	0	0	0	0	0	0	0	0	0	5										
2022-09-08T00:39:01.854Z	2	1	1	1	0	0	0	0	0	0	0	0	0	5										
2022-09-09T00:40:57.977Z	2	1	1	1	0	0	0	0	0	0	0	0	0	5										
2022-09-10T00:41:08.664Z	2	1	1	1	0	0	0	0	0	0	0	0	0	5										
2022-09-11T00:38:59.865Z	2	1	1	1	0	0	0	0	0	0	0	0	0	5										
2022-09-12T00:37:58.293Z	2	1	1	1	0	0	0	0	0	0	0	0	0	5										
2022-09-13T00:40:55.637Z	2	1	1	1	0	0	0	0	0	0	0	0	0	5										
2022-09-14T00:38:57.186Z	2	1	1	1	0	0	0	0	0	0	0	0	0	5										
2022-09-15T00:43:16.351Z	2	1	1	1	0	0	0	0	0	0	0	0	0	5										
2022-09-16T00:41:56.881Z	2	1	1	1	0	0	0	0	0	0	0	0	0	5										
2022-09-17T00:37:03.536Z	2	1	1	1	0	0	0	0	0	0	0	0	0	5										
2022-09-18T00:42:57.434Z	2	1	1	1	0	0	0	0	0	0	0	0	0	5										
2022-09-19T00:40:30.652Z	2	1	1	1	0	0	0	0	0	0	0	0	0	5										
2022-09-20T00:41:39.068Z	2	1	1	1	0	0	0	0	0	0	0	0	0	5										
2022-09-21T00:44:09.598Z	2	1	1	1	0	0	0	0	0	0	0	0	0	5										
2022-09-22T00:41:18.906Z	2	1	1	1	0	0	0	0	0	0	0	0	0	5										
2022-09-23T00:47:29.541Z	2	1	1	1	0	0	0	0	0	0	0	0	0	5										
2022-09-24T00:44:22.596Z	2	1	1	1	0	0	0	0	0	0	0	0	0	5										
2022-09-25T00:39:49.521Z	2	1	1	1	0	0	0	0	0	0	0	0	0	5										
2022-09-26T00:43:17.629Z	2	1	1	1	0	0	0	0	0	0	0	0	0	5										
2022-09-27T00:47:12.773Z	2	1	1	1	0	0	0	0	0	0	0	0	0	5										
2022-09-28T00:49:32.463Z	2	1	1	1	0	0	0	0	0	0	0	0	0	5										
2022-09-29T00:54:33.281Z	2	1	1	1	0	0	0	0	0	0	0	0	0	5										
2022-09-30T01:05:27.810Z	2	1	1	1	0	0	0	0	0	0	0	0	0	5										
2022-10-01T00:59:51.678Z	2	1	1	1	0	0	0	0	0	0	0	0	0	5										
2022-10-02T00:51:24.943Z	2	1	1	1	0	0	0	0	0	0	0	0	0	5										
2022-10-03T00:43:08.565Z	2	1	1	1	0	0	0	0	0	0	0	0	0	5										
2022-10-04T00:53:44.443Z	2	1	1	1	0	0	0	0	0	0	0	0	0	5										
2022-10-05T00:52:51.330Z	2	1	1	1	0	0	0	0	0	0	0	0	0	5										
2022-10-06T00:46:15.601Z	2	1	1	1	0	0	0	0	0	0	0	0	0	5										
2022-10-07T00:58:36.201Z	2	1	1	1	0	0	0	0	0	0	0	0	0	5										
2022-10-08T00:41:53.183Z	2	1	1	1	0	0	0	0	0	0	0	0	0	5										
2022-10-09T00:43:12.042Z	2	1	1	1	0	0	0	0	0	0	0	0	0	5										
2022-10-10T00:51:10.357Z	2	1	1	1	0	0	0	0	0	0	0	0	0	5										
2022-10-11T00:44:17.554Z	2	1	1	1	0	0	0	0	0	0	0	0	0	5										
2022-10-12T00:57:21.400Z	2	1	1	1	0	0	0	0	0	0	0	0	0	5										
2022-10-13T00:49:56.963Z	2	1	1	1	0	0	0	0	0	0	0	0	0	5										
2022-10-14T00:57:12.101Z	2	1	1	1	0	0	0	0	0	0	0	0	0	5										
2022-10-15T00:49:21.578Z	2	1	1	1	0	0	0	0	0	0	0	0	0	5										
2022-10-16T00:51:26.051Z	2	1	1	1	0	0	0	0	0	0	0	0	0	5										
2022-10-17T00:54:31.825Z	2	1	1	1	0	0	0	0	0	0	0	0	0	5										
2022-10-18T00:50:09.086Z	2	1	1	1	0	0	0	0	0	0	0	0	0	5										
2022-10-19T00:52:03.608Z	2	1	1	1	0	0	0	0	0	0	0	0	0	5										
2022-10-20T00:44:24.357Z	2	1	1	1	0	0	0	0	0	0	0	0	0	5										
2022-10-21T00:43:24.879Z	2	1	1	1	0	0	0	0	0	0	0	0	0	5										
2022-10-22T00:52:16.272Z	2	1	1	1	0	0	0	0	0	0	0	0	0	5										
2022-10-23T00:50:21.391Z	2	1	1	1	0	0	0	0	0	0	0	0	0	5										
2022-10-24T00:56:32.993Z	2	1	1	1	0	0	0	0	0	0	0	0	0	5										
2022-10-25T00:54:09.121Z	2	1	1	1	0	0	0	0	0	0	0	0	0	5										
2022-10-26T00:40:20.679Z	2	1	1	1	0	0	0	0	0	0	0	0	0	5										
2022-10-27T00:43:05.546Z	2	1	1	1	0	0	0	0	0	0	0	0	0	5										
2022-10-28T00:44:01.294Z	2	1	1	1	0	0	0	0	0	0	0	0	0	5										
2022-10-29T00:34:51.711Z	2	1	1	1	0	0	0	0	0	0	0	0	0	5										
2022-10-30T00:45:47.693Z	2	1	1	1	0	0	0	0	0	0	0	0	0	5										
2022-10-31T00:46:13.085Z	2	1	1	1	0	0	0	0	0	0	0	0	0	5										
2022-11-01T00:49:35.973Z	2	1	1	1	0	0	0	0	0	0	0	0	0	5										
2022-11-02T00:44:33.599Z	2	1	1	1	0	0	0	0	0	0	0	0	0	5										
2022-11-03T00:40:22.900Z	2	1	1	1	0	0	0	0	0	0	0	0	0	5										
2022-11-04T00:41:55.321Z	2	1	1	1	0	0	0	0	0	0	0	0	0	5										
2022-11-05T00:41:02.870Z	2	1	1	1	0	0	0	0	0	0	0	0	0	5										
2022-11-06T00:38:46.334Z	2	1	1	1	0	0	0	0	0	0	0	0	0	5										
2022-11-07T00:36:55.020Z	2	1	1	1	0	0	0	0	0	0	0	0	0	5										
2022-11-08T00:36:53.873Z	2	1	1	1	0	0	0	0	0	0	0	0	0	5										
2022-11-09T00:38:32.130Z	2	1	1	1	0	0	0	0	0	0	0	0	0	5										
2022-11-10T00:38:21.399Z	2	1	1	1	0	0	0	0	0	0	0	0	0	5										
2022-11-11T00:41:20.316Z	2	1	1	1	0	0	0	0	0	0	0	0	0	5										
2022-11-12T00:40:16.189Z	2	1	1	1	0	0	0	0	0	0	0	0	0	5										
2022-11-13T00:35:45.815Z	2	1	1	1	0	0	0	0	0	0	0	0	0	5										
2022-11-14T00:35:05.815Z	2	1	1	1	0	0	0	0	0	0	0	0	0	5										
2022-11-15T00:36:21.267Z	2	1	1	1	0	0	0	0	0	0	0	0	0	5										
2022-11-16T00:36:43.403Z	2	1	1	1	0	0	0	0	0	0	0	0	0	5										
2022-11-17T00:35:42.103Z	2	1	1	1	0	0	0	0	0	0	0	0	0	5										
2022-11-18T00:40:19.400Z	2	1	1	1	0	0	0	0	0	0	0	0	0	5										
2022-11-19T00:38:13.351Z	2	1	1	1	0	0	0	0	0	0	0	0	0	5										
2022-11-20T00:39:12.074Z	2	1	1	1	0	0	0	0	0	0	0	0	0	5										
2022-11-21T00:37:24.570Z	2	1	1	1	0	0	0	0	0	0	0	0	0	5										
2022-11-22T00:37:22.835Z	2	1	1	1	0	0	0	0	0	0	0	0	0	5										
2022-11-23T00:31:14.837Z	2	1	1	1	0	0	0	0	0	0	0	0	0	5										
2022-11-24T00:37:15.031Z	2	1	1	1	0	0	0	0	0	0	0	0	0	5										
2022-11-25T00:34:13.700Z	2	1	1	1	0	0	0	0	0	0	0	0	0	5										
2022-11-26T00:30:28.919Z	2	1	1	1	0	0	0	0	0	0	0	0	0	5										
2022-11-27T00:35:41.952Z	2	1	1	1	0	0	0	0	0	0	0	0	0	5										
2022-11-28T00:31:39.640Z	2	1	1	1	0	0	0	0	0	0	0	0	0	5										
2022-11-29T00:37:03.020Z	2	1	1	1	0	0	0	0	0	0	0	0	0	5										
2022-11-30T00:34:56.084Z	2	1	1	1	0	0	0	0	0	0	0	0	0	5										
2022-12-01T00:37:49.202Z	2	1	1	1	0	0	0	0	0	0	0	0	0	5										
2022-12-02T00:31:55.896Z	2	1	1	1	0	0	0	0	0	0	0	0	0	5										
2022-12-03T00:29:35.118Z	2	1	1	1	0	0	0	0	0	0	0	0	0	5										
2022-12-04T00:31:10.355Z	2	1	1	1	0	0	0	0	0	0	0	0	0	5										
2022-12-05T00:31:01.312Z	2	1	1	1	0	0	0	0	0	0	0	0	0	5										
2022-12-06T00:30:05.756Z	2	1	1	1	0	0	0	0	0	0	0	0	0	5										
2022-12-07T00:32:22.356Z	2	1	1	1	0	0	0	0	0	0	0	0	0	5										
2022-12-08T00:30:03.764Z	2	1	1	1	0	0	0	0	0	0	0	0	0	5										
2022-12-09T00:32:20.696Z	2	1	1	1	0	0	0	0	0	0	0	0	0	5	https://api.github.com/search/repositories?q=user:AlgorithmicGames&page=1									
2022-12-10T00:29:17.811Z	2	1	1	1	0	0	0	0	0	0	0	0	0	5										
2022-12-11T00:35:39.016Z	2	1	1	1	0	0	0	0	0	0	0	0	0	5										
2022-12-12T00:34:25.645Z	2	1	1	1	0	0	0	0	0	0	0	0	0	5										
2022-12-13T00:35:00.307Z	2	1	1	1	0	0	0	0	0	0	0	0	0	5										
2022-12-14T00:31:31.034Z	2	1	1	1	0	0	0	0	0	0	0	0	0	5										
2022-12-15T00:33:50.729Z	2	1	1	1	0	0	0	0	0	0	0	0	0	5										
2022-12-16T00:30:44.710Z	2	1	1	1	0	0	0	0	0	0	0	0	0	5										
2022-12-17T00:29:02.999Z	2	1	1	1	0	0	0	0	0	0	0	0	0	5										
2022-12-18T00:30:04.491Z	2	1	1	1	0	0	0	0	0	0	0	0	0	5										
2022-12-19T00:27:54.595Z	2	1	1	1	0	0	0	0	0	0	0	0	0	5										
2022-12-20T00:31:24.945Z	2	1	1	1	0	0	0	0	0	0	0	0	0	5										
2022-12-21T00:28:20.661Z	2	1	1	1	0	0	0	0	0	0	0	0	0	5										
2022-12-22T00:31:38.671Z	2	1	1	1	0	0	0	0	0	0	0	0	0	5										
2022-12-23T00:30:24.629Z	2	1	1	1	0	0	0	0	0	0	0	0	0	5										
2022-12-24T00:26:41.868Z	2	1	1	1	0	0	0	0	0	0	0	0	0	5										
2022-12-25T00:33:18.298Z	2	1	1	1	0	0	0	0	0	0	0	0	0	5										
2022-12-26T00:31:24.976Z	2	1	1	1	0	0	0	0	0	0	0	0	0	5										
2022-12-27T00:31:00.930Z	2	1	1	1	0	0	0	0	0	0	0	0	0	5										
2022-12-28T00:30:18.936Z	2	1	1	1	0	0	0	0	0	0	0	0	0	5										
2022-12-29T00:33:01.809Z	2	1	1	1	0	0	0	0	0	0	0	0	0	5										
2022-12-30T00:32:03.525Z	2	1	1	1	0	0	0	0	0	0	0	0	0	5										
2022-12-31T00:30:22.615Z	2	1	1	1	0	0	0	0	0	0	0	0	0	5										
2023-01-01T00:35:44.238Z	2	1	1	1	0	0	0	0	0	0	0	0	0	5										
2023-01-02T00:31:35.759Z	2	1	1	1	0	0	0	0	0	0	0	0	0	5										
2023-01-03T00:31:23.019Z	2	1	1	1	0	0	0	0	0	0	0	0	0	5										
2023-01-04T00:31:03.715Z	2	1	1	1	0	0	0	0	0	0	0	0	0	5										
2023-01-05T00:32:56.508Z	2	1	1	1	0	0	0	0	0	0	0	0	0	5										
2023-01-06T00:33:02.198Z	2	1	1	1	0	0	0	0	0	0	0	0	0	5										
2023-01-07T00:30:59.149Z	2	1	1	1	0	0	0	0	0	0	0	0	0	5										
2023-01-08T00:33:50.143Z	2	1	1	1	0	0	0	0	0	0	0	0	0	5										
2023-01-09T00:31:18.228Z	2	1	1	1	0	0	0	0	0	0	0	0	0	5										
2023-01-10T00:34:29.282Z	2	1	1	1	0	0	0	0	0	0	0	0	0	5										
2023-01-11T00:32:31.735Z	2	1	1	1	0	0	0	0	0	0	0	0	0	5										
2023-01-12T00:32:56.016Z	2	1	1	1	0	0	0	0	0	0	0	0	0	5										
2023-01-13T00:33:09.194Z	2	1	1	1	0	0	0	0	0	0	0	0	0	5										
2023-01-14T00:30:50.693Z	2	1	1	1	0	0	0	0	0	0	0	0	0	5										
2023-01-15T00:35:06.705Z	2	1	1	1	0	0	0	0	0	0	0	0	0	5										
2023-01-16T00:32:30.648Z	2	1	1	1	0	0	0	0	0	0	0	0	0	5										
2023-01-17T00:32:48.326Z	2	1	1	1	0	0	0	0	0	0	0	0	0	5										
2023-01-18T00:33:33.631Z	2	1	1	1	0	0	0	0	0	0	0	0	0	5										
2023-01-19T00:33:10.468Z	2	1	1	1	0	0	0	0	0	0	0	0	0	5										
2023-01-20T00:33:23.549Z	2	1	1	1	0	0	0	0	0	0	0	0	0	5										
2023-01-21T00:32:45.571Z	2	1	1	1	0	0	0	0	0	0	0	0	0	5										
2023-01-22T00:35:10.548Z	2	1	1	1	0	0	0	0	0	0	0	0	0	5										
2023-01-23T00:30:41.501Z	2	1	1	1	0	0	0	0	0	0	0	0	0	5										
2023-01-24T00:33:51.081Z	2	1	1	1	0	0	0	0	0	0	0	0	0	5										
2023-01-25T00:31:30.936Z	2	1	1	1	0	0	0	0	0	0	0	0	0	5										
2023-01-26T00:31:46.355Z	2	1	1	1	0	0	0	0	0	0	0	0	0	5										
2023-01-27T00:34:22.715Z	2	1	1	1	0	0	0	0	0	0	0	0	0	5										
2023-01-28T00:32:24.550Z	2	1	1	1	0	0	0	0	0	0	0	0	0	5										
2023-01-29T00:36:46.268Z	2	1	1	1	0	0	0	0	0	0	0	0	0	5										
2023-01-30T00:29:05.209Z	2	1	1	1	0	0	0	0	0	0	0	0	0	5										
2023-01-31T00:34:51.719Z	2	1	1	1	0	0	0	0	0	0	0	0	0	5										
2023-02-01T00:37:39.840Z	2	1	1	1	0	0	0	0	0	0	0	0	0	5										
2023-02-02T00:34:18.478Z	2	1	1	1	0	0	0	0	0	0	0	0	0	5										
2023-02-03T00:35:05.961Z	2	1	1	1	0	0	0	0	0	0	0	0	0	5										
2023-02-04T00:31:08.133Z	2	1	1	1	0	0	0	0	0	0	0	0	0	5										
2023-02-05T00:36:46.516Z	2	1	1	1	0	0	0	0	0	0	0	0	0	5										
2023-02-06T00:31:00.516Z	2	1	1	1	0	0	0	0	0	0	0	0	0	5										
2023-02-07T00:33:28.283Z	2	1	1	1	0	0	0	0	0	0	0	0	0	5										
2023-02-08T00:34:39.281Z	2	1	1	1	0	0	0	0	0	0	0	0	0	5										
2023-02-09T00:33:18.842Z	2	1	1	1	0	0	0	0	0	0	0	0	0	5										
2023-02-10T00:35:49.351Z	2	1	1	1	0	0	0	0	0	0	0	0	0	5										
2023-02-11T00:29:41.405Z	2	1	1	1	0	0	0	0	0	0	0	0	0	5										
2023-02-12T00:36:35.185Z	2	1	1	1	0	0	0	0	0	0	0	0	0	5										
2023-02-13T00:35:20.694Z	2	1	1	1	0	0	0	0	0	0	0	0	0	5										
2023-02-14T00:34:56.257Z	2	1	1	1	0	0	0	0	0	0	0	0	0	5										
2023-02-15T00:33:50.558Z	2	1	1	1	0	0	0	0	0	0	0	0	0	5										
2023-02-16T00:34:12.945Z	2	1	1	1	0	0	0	0	0	0	0	0	0	5										
2023-02-17T00:37:16.314Z	2	1	1	1	0	0	0	0	0	0	0	0	0	5										
2023-02-18T00:34:09.356Z	2	1	1	1	0	0	0	0	0	0	0	0	0	5										
2023-02-19T00:34:11.590Z	2	1	1	1	0	0	0	0	0	0	0	0	0	5										
2023-02-20T00:36:01.499Z	2	1	1	1	0	0	0	0	0	0	0	0	0	5										
2023-02-21T00:36:31.129Z	2	1	1	1	0	0	0	0	0	0	0	0	0	5										
2023-02-22T00:31:43.394Z	2	1	1	1	0	0	0	0	0	0	0	0	0	5										
2023-02-23T00:32:26.255Z	2	1	1	1	0	0	0	0	0	0	0	0	0	5										
2023-02-24T00:33:15.937Z	2	1	1	1	0	0	0	0	0	0	0	0	0	5										
2023-02-25T00:34:21.367Z	2	1	1	1	0	0	0	0	0	0	0	0	0	5										
2023-02-26T00:38:27.517Z	2	1	1	1	0	0	0	0	0	0	0	0	0	5										
2023-02-27T00:34:33.616Z	2	1	1	1	0	0	0	0	0	0	0	0	0	5										
2023-02-28T00:34:13.262Z	2	1	1	1	0	0	0	0	0	0	0	0	0	5										
2023-03-01T00:38:23.222Z	2	1	1	1	0	0	0	0	0	0	0	0	0	5										
2023-03-02T00:37:16.855Z	2	1	1	1	0	0	0	0	0	0	0	0	0	5										
2023-03-03T02:28:11.602Z	2	1	1	1	0	0	0	0	0	0	0	0	0	5										
2023-03-04T00:32:51.929Z	2	1	1	1	0	0	0	0	0	0	0	0	0	5										
2023-03-05T00:38:01.271Z	2	1	1	1	0	0	0	0	0	0	0	0	0	5										
2023-03-06T00:35:03.751Z	2	1	1	1	0	0	0	0	0	0	0	0	0	5										
2023-03-07T00:37:01.906Z	2	1	1	1	0	0	0	0	0	0	0	0	0	5										
2023-03-08T00:35:55.997Z	2	1	1	1	0	0	0	0	0	0	0	0	0	5										
2023-03-09T00:35:06.566Z	2	1	1	1	0	0	0	0	0	0	0	0	0	5										
2023-03-10T00:34:52.403Z	2	1	1	1	0	0	0	0	0	0	0	0	0	5										
2023-03-11T00:29:36.012Z	2	1	1	1	0	0	0	0	0	0	0	0	0	5										
2023-03-12T00:35:22.779Z	2	1	1	1	0	0	0	0	0	0	0	0	0	5										
2023-03-13T00:33:43.442Z	2	1	1	1	0	0	0	0	0	0	0	0	0	5										
2023-03-14T00:29:54.188Z	2	1	1	1	0	0	0	0	0	0	0	0	0	5										
2023-03-15T00:33:23.827Z	2	1	1	1	0	0	0	0	0	0	0	0	0	5										
2023-03-16T00:35:11.841Z	2	1	1	1	0	0	0	0	0	0	0	0	0	5										
2023-03-17T00:33:30.251Z	2	1	1	1	0	0	0	0	0	0	0	0	0	5										
2023-03-18T00:31:54.192Z	2	1	1	1	0	0	0	0	0	0	0	0	0	5										
2023-03-19T00:36:28.050Z	2	1	1	1	0	0	0	0	0	0	0	0	0	5										
2023-03-20T00:34:34.833Z	2	1	1	1	0	0	0	0	0	0	0	0	0	5										
2023-03-21T00:30:50.785Z	2	1	1	1	0	0	0	0	0	0	0	0	0	5										
2023-03-22T00:29:58.306Z	2	1	1	1	0	0	0	0	0	0	0	0	0	5										
2023-03-23T00:31:51.526Z	2	1	1	1	0	0	0	0	0	0	0	0	0	5										
2023-03-24T00:31:01.230Z	2	1	1	1	0	0	0	0	0	0	0	0	0	5										
2023-03-25T00:30:22.090Z	2	1	1	1	0	0	0	0	0	0	0	0	0	5										
2023-03-26T00:34:02.167Z	2	1	1	1	0	0	0	0	0	0	0	0	0	5										
2023-03-27T00:30:51.774Z	2	1	1	1	0	0	0	0	0	0	0	0	0	5										
2023-03-28T00:32:22.638Z	2	1	1	1	0	0	0	0	0	0	0	0	0	5										
2023-03-29T00:36:10.184Z	2	1	1	1	0	0	0	0	0	0	0	0	0	5										
2023-03-30T00:32:25.461Z	2	1	1	1	0	0	0	0	0	0	0	0	0	5										
2023-03-31T00:32:04.975Z	2	1	1	1	0	0	0	0	0	0	0	0	0	5										
2023-04-01T00:31:56.087Z	2	1	1	1	0	0	0	0	0	0	0	0	0	5										
2023-04-02T00:33:19.170Z	2	1	1	1	0	0	0	0	0	0	0	0	0	5										
2023-04-03T00:31:06.394Z	2	1	1	1	0	0	0	0	0	0	0	0	0	5										
2023-04-04T00:30:59.581Z	2	1	1	1	0	0	0	0	0	0	0	0	0	5										
2023-04-05T00:26:38.846Z	2	1	1	1	0	0	0	0	0	0	0	0	0	5										
2023-04-06T00:29:16.546Z	2	1	1	1	0	0	0	0	0	0	0	0	0	5										
2023-04-07T00:27:18.286Z	2	1	1	1	0	0	0	0	0	0	0	0	0	5										
2023-04-08T00:28:17.514Z	2	1	1	1	0	0	0	0	0	0	0	0	0	5										
2023-04-09T00:31:24.920Z	2	1	1	1	0	0	0	0	0	0	0	0	0	5										
2023-04-10T00:30:19.508Z	2	1	1	1	0	0	0	0	0	0	0	0	0	5										
2023-04-11T00:31:24.168Z	2	1	1	1	0	0	0	0	0	0	0	0	0	5										
2023-04-12T00:29:47.690Z	2	1	1	1	0	0	0	0	0	0	0	0	0	5										
2023-04-13T00:28:50.509Z	2	1	1	1	0	0	0	0	0	0	0	0	0	5										
2023-04-14T00:29:15.773Z	2	1	1	1	0	0	0	0	0	0	0	0	0	5										
2023-04-15T00:32:12.680Z	2	1	1	1	0	0	0	0	0	0	0	0	0	5										
2023-04-16T00:31:29.236Z	2	1	1	1	0	0	0	0	0	0	0	0	0	5										
2023-04-17T00:30:21.450Z	2	1	1	1	0	0	0	0	0	0	0	0	0	5										
2023-04-18T00:29:22.342Z	2	1	1	1	0	0	0	0	0	0	0	0	0	5										
2023-04-19T00:32:00.038Z	2	1	1	1	0	0	0	0	0	0	0	0	0	5										
2023-04-20T00:29:43.302Z	2	1	1	1	0	0	0	0	0	0	0	0	0	5										
2023-04-21T00:29:48.839Z	2	1	1	1	0	0	0	0	0	0	0	0	0	5										
2023-04-22T00:30:01.145Z	2	1	1	1	0	0	0	0	0	0	0	0	0	5										
2023-04-23T00:33:17.359Z	2	1	1	1	0	0	0	0	0	0	0	0	0	5										
2023-04-24T00:31:18.871Z	2	1	1	1	0	0	0	0	0	0	0	0	0	5										
2023-04-25T00:30:41.612Z	2	1	1	1	0	0	0	0	0	0	0	0	0	5										
2023-04-26T00:30:54.791Z	2	1	1	1	0	0	0	0	0	0	0	0	0	5										
2023-04-27T00:32:45.483Z	2	1	1	1	0	0	0	0	0	0	0	0	0	5										
2023-04-28T00:31:49.971Z	2	1	1	1	0	0	0	0	0	0	0	0	0	5										
2023-04-29T00:29:47.587Z	2	1	1	1	0	0	0	0	0	0	0	0	0	5										
2023-04-30T00:33:09.881Z	2	1	1	1	0	0	0	0	0	0	0	0	0	5										
2023-05-01T00:31:57.319Z	2	1	1	1	0	0	0	0	0	0	0	0	0	5										
2023-05-02T00:30:20.480Z	2	1	1	1	0	0	0	0	0	0	0	0	0	5										
2023-05-03T00:29:45.782Z	2	1	1	1	0	0	0	0	0	0	0	0	0	5										
2023-05-04T00:30:28.727Z	2	1	1	1	0	0	0	0	0	0	0	0	0	5										
2023-05-05T00:28:43.586Z	2	1	1	1	0	0	0	0	0	0	0	0	0	5										
2023-05-06T00:27:48.346Z	2	1	1	1	0	0	0	0	0	0	0	0	0	5										
2023-05-07T00:32:01.771Z	2	1	1	1	0	0	0	0	0	0	0	0	0	5										
2023-05-08T00:29:32.811Z	2	1	1	1	0	0	0	0	0	0	0	0	0	5										
2023-05-09T00:31:22.844Z	2	1	1	1	0	0	0	0	0	0	0	0	0	5										
2023-05-10T00:29:25.403Z	2	1	1	1	0	0	0	0	0	0	0	0	0	5										
2023-05-11T00:29:42.721Z	2	1	1	1	0	0	0	0	0	0	0	0	0	5										
2023-05-12T00:31:54.232Z	2	1	1	1	0	0	0	0	0	0	0	0	0	5										
2023-05-13T00:28:32.992Z	2	1	1	1	0	0	0	0	0	0	0	0	0	5										
2023-05-14T00:32:31.163Z	2	1	1	1	0	0	0	0	0	0	0	0	0	5										
2023-05-15T00:31:21.309Z	2	1	1	1	0	0	0	0	0	0	0	0	0	5										
2023-05-16T00:30:29.686Z	2	1	1	1	0	0	0	0	0	0	0	0	0	5										
2023-05-17T00:33:23.770Z	2	1	1	1	0	0	0	0	0	0	0	0	0	5										
2023-05-18T00:30:25.628Z	2	1	1	1	0	0	0	0	0	0	0	0	0	5										
2023-05-19T00:30:45.267Z	2	1	1	1	0	0	0	0	0	0	0	0	0	5										
2023-05-20T00:29:09.855Z	2	1	1	1	0	0	0	0	0	0	0	0	0	5										
2023-05-21T00:33:26.754Z	2	1	1	1	0	0	0	0	0	0	0	0	0	5	https://api.github.com/search/repositories?q=user:AlgorithmicGames&page=2									
2023-05-22T00:32:09.991Z	2	1	1	1	0	0	0	0	0	0	0	0	0	5										
2023-05-23T00:31:33.005Z	2	1	1	1	0	0	0	0	0	0	0	0	0	5										
2023-05-24T00:31:01.810Z	2	1	1	1	0	0	0	0	0	0	0	0	0	5										
2023-05-25T00:29:41.585Z	2	1	1	1	0	0	0	0	0	0	0	0	0	5										
2023-05-26T00:30:57.393Z	2	1	1	1	0	0	0	0	0	0	0	0	0	5										
2023-05-27T00:32:28.929Z	2	1	1	1	0	0	0	0	0	0	0	0	0	5										
2023-05-28T00:33:33.220Z	2	1	1	1	0	0	0	0	0	0	0	0	0	5										
2023-05-29T00:31:47.922Z	2	1	1	1	0	0	0	0	0	0	0	0	0	5										
2023-05-30T00:33:11.722Z	2	1	1	1	0	0	0	0	0	0	0	0	0	5										
2023-05-31T00:37:03.383Z	2	1	1	1	0	0	0	0	0	0	0	0	0	5										
2023-06-01T00:43:34.984Z	2	1	1	1	0	0	0	0	0	0	0	0	0	5										
2023-06-02T00:35:02.209Z	2	1	1	1	0	0	0	0	0	0	0	0	0	5										
2023-06-03T00:34:06.201Z	2	1	1	1	0	0	0	0	0	0	0	0	0	5										
2023-06-04T00:40:28.200Z	2	1	1	1	0	0	0	0	0	0	0	0	0	5										
2023-06-05T00:35:18.564Z	2	1	1	1	0	0	0	0	0	0	0	0	0	5										
2023-06-06T00:36:10.815Z	2	1	1	1	0	0	0	0	0	0	0	0	0	5										
2023-06-07T00:37:12.059Z	2	1	1	1	0	0	0	0	0	0	0	0	0	5										
2023-06-08T00:35:55.368Z	2	1	1	1	0	0	0	0	0	0	0	0	0	5										
2023-06-09T00:37:57.791Z	2	1	1	1	0	0	0	0	0	0	0	0	0	5										
2023-06-10T00:32:42.585Z	2	1	1	1	0	0	0	0	0	0	0	0	0	5	https://api.github.com/search/repositories?q=user:AlgorithmicGames&page=2									
2023-06-11T00:39:10.893Z	2	1	1	1	0	0	0	0	0	0	0	0	0	5										
2023-06-12T00:37:54.491Z	2	1	1	1	0	0	0	0	0	0	0	0	0	5										
2023-06-13T00:35:42.279Z	2	1	1	1	0	0	0	0	0	0	0	0	0	5										
2023-06-14T00:34:09.279Z	2	1	1	1	0	0	0	0	0	0	0	0	0	5										
2023-06-15T00:35:13.739Z	2	1	1	1	0	0	0	0	0	0	0	0	0	5										
2023-06-16T00:36:15.100Z	2	1	1	1	0	0	0	0	0	0	0	0	0	5										
2023-06-17T00:33:15.881Z	2	1	1	1	0	0	0	0	0	0	0	0	0	5										
2023-06-18T00:39:02.187Z	2	1	1	1	0	0	0	0	0	0	0	0	0	5										
2023-06-19T00:35:08.479Z	2	1	1	1	0	0	0	0	0	0	0	0	0	5										
2023-06-20T00:32:41.110Z	2	1	1	1	0	0	0	0	0	0	0	0	0	5										
2023-06-21T00:34:44.341Z	2	1	1	1	0	0	0	0	0	0	0	0	0	5										
2023-06-22T00:35:41.844Z	2	1	1	1	0	0	0	0	0	0	0	0	0	5										
2023-06-23T00:38:07.952Z	2	1	1	1	0	0	0	0	0	0	0	0	0	5										
2023-06-24T00:39:20.644Z	2	1	1	1	0	0	0	0	0	0	0	0	0	5										
2023-06-25T00:43:01.471Z	2	1	1	1	0	0	0	0	0	0	0	0	0	5										
2023-06-26T00:40:11.377Z	2	1	1	1	0	0	0	0	0	0	0	0	0	5										
2023-06-27T00:39:09.730Z	2	1	1	1	0	0	0	0	0	0	0	0	0	5										
2023-06-28T00:38:59.402Z	2	1	1	1	0	0	0	0	0	0	0	0	0	5										
2023-06-29T00:38:23.442Z	2	1	1	1	0	0	0	0	0	0	0	0	0	5										
2023-06-30T00:37:34.395Z	2	1	1	1	0	0	0	0	0	0	0	0	0	5										
2023-07-01T00:43:20.017Z	2	1	1	1	0	0	0	0	0	0	0	0	0	5										
2023-07-02T00:41:16.104Z	2	1	1	1	0	0	0	0	0	0	0	0	0	5										
2023-07-03T00:39:38.012Z	2	1	1	1	0	0	0	0	0	0	0	0	0	5										
2023-07-04T00:39:38.384Z	2	1	1	1	0	0	0	0	0	0	0	0	0	5										
2023-07-05T00:39:47.102Z	2	1	1	1	0	0	0	0	0	0	0	0	0	5										
2023-07-06T00:40:22.606Z	2	1	1	1	0	0	0	0	0	0	0	0	0	5										
2023-07-07T00:39:43.214Z	2	1	1	1	0	0	0	0	0	0	0	0	0	5										
2023-07-08T00:38:30.118Z	2	1	1	1	0	0	0	0	0	0	0	0	0	5										
2023-07-09T00:43:29.505Z	2	1	1	1	0	0	0	0	0	0	0	0	0	5										
2023-07-10T00:39:50.073Z	2	1	1	1	0	0	0	0	0	0	0	0	0	5										
2023-07-11T00:35:17.199Z	2	1	1	1	0	0	0	0	0	0	0	0	0	5										
2023-07-12T00:41:18.280Z	2	1	1	1	0	0	0	0	0	0	0	0	0	5										
2023-07-13T00:39:28.965Z	2	1	1	1	0	0	0	0	0	0	0	0	0	5										
2023-07-14T00:40:17.191Z	2	1	1	1	0	0	0	0	0	0	0	0	0	5										
2023-07-15T00:38:53.990Z	2	1	1	1	0	0	0	0	0	0	0	0	0	5										
2023-07-16T00:44:37.100Z	2	1	1	1	0	0	0	0	0	0	0	0	0	5										
2023-07-17T00:42:10.204Z	2	1	1	1	0	0	0	0	0	0	0	0	0	5										
2023-07-18T00:58:41.265Z	2	1	1	1	0	0	0	0	0	0	0	0	0	5										
2023-07-19T01:01:42.727Z	2	1	1	1	0	0	0	0	0	0	0	0	0	5										
2023-07-20T00:35:13.803Z	2	1	1	1	0	0	0	0	0	0	0	0	0	5										
2023-07-21T00:34:25.008Z	2	1	1	1	0	0	0	0	0	0	0	0	0	5										
2023-07-22T00:34:43.441Z	2	1	1	1	0	0	0	0	0	0	0	0	0	5										
2023-07-23T00:37:04.412Z	2	1	1	1	0	0	0	0	0	0	0	0	0	5										
2023-07-24T00:34:54.194Z	2	1	1	1	0	0	0	0	0	0	0	0	0	5										
2023-07-25T00:36:18.034Z	2	1	1	1	0	0	0	0	0	0	0	0	0	5										
2023-07-26T00:33:23.036Z	2	1	1	1	0	0	0	0	0	0	0	0	0	5										
2023-07-27T00:32:22.627Z	2	1	1	1	0	0	0	0	0	0	0	0	0	5										
2023-07-28T00:32:46.632Z	2	1	1	1	0	0	0	0	0	0	0	0	0	5										
2023-07-29T00:31:52.928Z	2	1	1	1	0	0	0	0	0	0	0	0	0	5		0								
2023-07-30T00:36:00.386Z	2	1	1	1	0	0	0	0	0	0	0	0	0	5		0								
2023-07-31T00:34:27.285Z	2	1	1	1	0	0	0	0	0	0	0	0	0	5		0								
2023-08-01T00:37:58.389Z	2	1	1	1	0	0	0	0	0	0	0	0	0	5		0								
2023-08-02T09:26:31.507Z	2	1		1	0	0	0	0	0	0		0	0	5		0	1	0	0					
2023-08-03T17:33:13.111Z	2	1		1	0	0	0	0	0	0		0	0	4		0		0						
2023-08-04T01:26:01.804Z	2	1		1	0	0	0	0	0	0		0	0	4		0		0						
2023-08-05T01:22:26.472Z	2	1		1	0	0	0	0	0	0		0	0	4		0		0						
2023-08-06T01:19:57.382Z	2				0	0	0	0	0	0		0	0	4		0		0		1	1			
2023-08-07T01:25:44.716Z	2				0	0	0	0	0	0		0	0	4		0		0		1	1			
2023-08-08T01:23:07.959Z	2				0	0	0	0	0	0		0	0	4		0		0		1	1			
2023-08-09T01:26:28.062Z	2				0	0	0	0	0	0		0	0	4		0		0		1	1			
2023-08-10T01:33:44.362Z	2				0	0	0	0	0	0		0	0	4		0		0		1	1			
2023-08-11T01:11:43.059Z	2				0	0	0	0	0	0		0	0	4		0		0		1	1			
2023-08-12T01:11:05.006Z	2				0	0	0	0	0	0		0	0	4		0		0		1	1			
2023-08-13T01:15:57.771Z	2				0	0	0	0	0	0		0	0	4		0		0		1	1			
2023-08-14T01:13:21.452Z	2				0	0	0	0	0	0		0	0	4		0		0		1	1			
2023-08-15T01:12:39.946Z	2				0	0	0	0	0	0		0	0	4		0		0		1	1			
2023-08-16T01:12:10.766Z	2				0	0	0	0	0	0		0	0	4		0		0		1	1			
2023-08-17T01:11:02.843Z	2				0	0	0	0	0	0		0	0	4		0		0		1	1			
2023-08-18T01:12:02.439Z	2				0	0	0	0	0	0		0	0	4		0		0		1	1			
2023-08-19T01:10:15.697Z	2				0	0	0	0	0	0		0	0	4		0		0		1	1			
2023-08-20T01:15:28.457Z	2				0	0	0	0	0	0		0	0	4	https://api.github.com/search/repositories?q=user:AlgorithmicGames&page=2	0		0		1	1			
2023-08-21T01:12:33.316Z	2				0	0	0	0	0	0		0	0	4		0		0		1	1			
2023-08-22T01:13:26.125Z	2				0	0	0	0	0	0		0	0	4		0		0		1	1			
2023-08-23T01:12:29.107Z	2				0	0	0	0	0	0		0	0	4		0		0		1	1			
2023-08-24T01:12:08.887Z	2				0	0	0	0	0	0		0	0	4		0		0		1	1			
2023-08-25T01:13:59.081Z	2				0	0	0	0	0	0		0	0	4		0		0		1	1			
2023-08-26T01:10:52.665Z	2				0	0	0	0	0	0		0	0	4		0		0		1	1			
2023-08-27T01:17:30.447Z	2				0	0	0	0	0	0		0	0	4		0		0		1	1			
2023-08-28T01:14:25.637Z	2				0	0	0	0	0	0		0	0	4		0		0		1	1			
2023-08-29T01:14:16.162Z	2				0	0	0	0	0	0		0	0	4		0		0		1	1			
2023-08-30T01:14:03.071Z	1				0	0	0	0	0	0		0	0	1		0		0		0	0			
2023-08-31T01:14:27.789Z	1				0	0	0	0	0	0		0	0	1		0		0		0	0			
2023-09-01T01:18:43.623Z	1				0	0	0	0	0	0		0	0	1		0		0		0	0			
2023-09-02T01:11:32.173Z	1				0	0	0	0	0	0		0	0	1		0		0		0	0			
2023-09-03T01:17:42.035Z	1				0	0	0	0	0	0		0	0	1		0		0		0	0			
2023-09-04T01:15:05.443Z	1				0	0	0	0	0	0		0	0	1		0		0		0	0			
2023-09-05T01:12:55.826Z	1				0	0	0	0	0	0		0	0	1		0		0		0	0			
2023-09-06T01:14:05.699Z	1				0	0	0	0	0	0		0	0	1		0		0		0	0			
2023-09-07T01:14:23.251Z	1				0	0	0	0	0	0		0	0	1		0		0		0	0			
2023-09-08T01:14:41.219Z	1				0	0	0	0	0	0		0	0	1		0		0		0	0			
2023-09-09T01:12:07.659Z	1				0	0	0	0	0	0		0	0	1		0		0		0	0			
2023-09-10T01:18:21.148Z	1				0	0	0	0	0	0		0	0	1		0		0		0	0			
2023-09-11T01:15:17.330Z	1				0	0	0	0	0	0		0	0	1		0		0		0	0			
2023-09-12T01:12:50.812Z	1				0	0	0	0	0	0		0	0	1		0		0		0	0			
2023-09-13T01:15:38.528Z	1				0	0	0	0	0	0		0	0	1		0		0		0	0			
2023-09-14T01:13:40.453Z	1				0	0	0	0	0	0		0	0	1		0		0		0	0			
2023-09-15T01:15:27.982Z	1				0	0	0	0	0	0			0	1		0		0		0	0	0		
2023-09-16T01:12:59.358Z	1				0	0	0	0	0	0			0	1		0		0		0	0	0		
2023-09-17T01:18:31.721Z	1				0	0	0	0	0	0			0	1		0		0		0	0	0		
2023-09-18T01:14:51.135Z	1				0	0	0	0	0	0			0	1		0		0		0	0	0		
2023-09-19T01:15:41.336Z	1				0	0	0	0	0	0			0	1		0		0		0	0	0		
2023-09-20T01:14:49.974Z	1				0	0	0	0	0	0			0	1		0		0		0	0	0		
2023-09-21T01:14:15.480Z	1				0	0	0	0	0	0			0	1		0		0		0	0	0		
2023-09-22T01:15:08.214Z	1				0	0	0	0	0	0			0	1		0		0		0	0	0		
2023-09-23T01:12:48.406Z	1				0	0	0	0	0	0			0	1		0		0		0	0	0		
2023-09-24T01:18:53.774Z	1				0	0	0	0	0	0			0	1		0		0		0	0	0		
2023-09-25T01:15:54.816Z	1				0	0	0	0	0	0			0	1		0		0		0	0	0		
2023-09-26T01:15:48.747Z	1				0	0	0	0	0	0			0	1		0		0		0	0	0		
2023-09-27T01:15:50.753Z	1				0	0	0	0	0	0			0	1		0		0		0	0	0		
2023-09-28T01:15:15.344Z	1				0	0	0	0	0	0			0	1		0		0		0	0	0		
2023-09-29T01:15:19.626Z	1				0	0	0	0	0	0			0	1		0		0		0	0	0		
2023-09-30T01:13:51.155Z	1				0	0	0	0	0	0			0	1		0		0		0	0	0		
2023-10-01T01:24:50.803Z	1				0	0	0	0	0	0			0	1		0		0		0	0	0		
2023-10-02T01:16:05.278Z	1				0	0	0	0	0	0			0	1		0		0		0	0	0		
2023-10-03T01:16:09.850Z	1				0	0	0	0	0	0			0	1		0		0		0	0	0		
2023-10-04T01:17:26.799Z	1				0	0	0	0	0	0			0	1		0		0		0	0	0		
2023-10-05T01:15:42.488Z	1				0	0	0	0	0	0			0	1		0		0		0	0	0		
2023-10-06T01:15:39.415Z	1				0	0	0	0	0	0			0	1		0		0		0	0	0		
2023-10-07T01:14:44.419Z	1				0	0	0	0	0	0			0	1		0		0		0	0	0		
2023-10-08T01:20:30.765Z	1				0	0	0	0	0	0			0	1		0		0		0	0	0		
2023-10-09T01:15:35.069Z	1				0	0	0	0	0	0			0	1		0		0		0	0	0		
2023-10-10T01:15:09.581Z	1				0	0	0	0	0	0			0	1		0		0		0	0	0		
2023-10-11T01:15:20.749Z	1				0	0	0	0	0	0			0	1		0		0		0	0	0		
2023-10-12T01:13:23.782Z	1				0	0	0	0	0	0			0	1		0		0		0	0	0		
2023-10-13T01:17:43.436Z	1				0	0	0	0	0	0			0	1		0		0		0	0	0		
2023-10-14T01:13:48.246Z	1				0	0	0	0	0	0			0	1		0		0		0	0	0		
2023-10-15T01:20:53.758Z	1				0	0	0	0	0	0			0	1		0		0		0	0	0		
2023-10-16T01:17:18.818Z	1				0	0	0	0	0	0			0	1		0		0		0	0	0		
2023-10-17T01:16:16.698Z	1				0	0	0	0	0	0			0	1		0		0		0	0	0		
2023-10-18T01:16:16.582Z	1				0	0	0	0	0	0			0	1		0		0		0	0	0		
2023-10-19T01:15:47.797Z	1				0	0	0	0	0	0			0	1		0		0		0	0	0		
2023-10-20T01:15:43.769Z	1				0	0	0	0	0	0			0	1		0		0		0	0	0		
2023-10-21T01:13:42.452Z	1				0	0	0	0	0	0			0	1		0		0		0	0	0		
2023-10-22T01:20:41.578Z	1				0	0	0	0	0	0			0	1		0		0		0	0	0		
2023-10-23T01:16:10.596Z	1				0	0	0	0	0	0			0	1		0		0		0	0	0		
2023-10-24T01:15:24.774Z	1				0	0	0	0	0	0			0	1		0		0		0	0	0		
2023-10-25T01:15:24.891Z	1				0	0	0	0	0	0			0	1		0		0		0	0	0		
2023-10-26T01:14:14.974Z	1				0	0	0	0	0	0			0	1		0		0		0	0	0		
2023-10-27T01:14:31.792Z	1				0	0	0	0	0	0			0	1		0		0		0	0	0		
2023-10-28T01:13:00.482Z	1				0	0	0	0	0	0			0	1		0		0		0	0	0		
2023-10-29T01:19:52.451Z	1				0	0	0	0	0	0			0	1		0		0		0	0	0		
2023-10-30T01:16:15.024Z	1				0	0	0	0	0	0			0	1		0		0		0	0	0		
2023-10-31T01:16:27.284Z	1				0	0	0	0	0	0			0	1		0		0		0	0	0		
2023-11-01T01:20:26.202Z	1				0	0	0	0	0	0			0	1		0		0		0	0	0		
2023-11-02T01:15:50.873Z	1				0	0	0	0	0	0			0	1		0		0		0	0	0		
2023-11-03T01:16:33.588Z	1				0	0	0	0	0	0			0	1		0		0		0	0	0		
2023-11-04T01:15:32.348Z	1				0	0	0	0	0	0			0	1		0		0		0	0	0		
2023-11-05T01:21:27.853Z	1				0	0	0	0	0	0			0	1		0		0		0	0	0		
2023-11-06T01:19:02.785Z	1				0	0	0	0	0	0			0	1		0		0		0	0	0		
2023-11-07T01:18:01.177Z	1				0	0	0	0	0	0			0	1		0		0		0	0	0		
2023-11-08T01:17:09.224Z	1				0	0	0	0	0	0			0	1		0		0		0	0	0		
2023-11-09T01:17:41.183Z	1				0	0	0	0	0	0			0	1		0		0		0	0	0		
2023-11-10T01:17:02.325Z	1				0	0	0	0	0	0			0	1		0		0		0	0	0		
2023-11-11T02:14:29.279Z	1				0	0	0	0	0	0			0	1		0		0		0	0	0		
2023-11-12T01:22:15.438Z	1				0	0	0	0	0	0			0	1		0		0		0	0	0		
2023-11-13T01:19:08.278Z	1				0	0	0	0	0	0			0	1		0		0		0	0	0		
2023-11-14T01:17:32.877Z	1				0	0	0	0	0	0			0	1		0		0		0	0	0		
2023-11-15T01:19:07.347Z	1				0	0	0	0	0	0			0	1		0		0		0	0	0		
2023-11-16T01:20:02.382Z	1				0	0	0	0	0	0			0	1		0		0		0	0	0		
2023-11-17T01:19:48.003Z	1				0	0	0	0	0	0			0	1		0		0		0	0	0		
2023-11-18T01:18:49.964Z	1				0	0	0	0	0	0			0	1		0		0		0	0	0		
2023-11-19T01:24:48.145Z	1				0	0	0	0	0	0			0	1		0		0		0	0	0		
2023-11-20T01:20:26.505Z	1				0	0	0	0	0	0			0	1		0		0		0	0	0		
2023-11-21T01:22:31.002Z	1				0	0	0	0	0	0			0	1		0		0		0	0	0		
2023-11-22T01:22:02.445Z	1				0	0	0	0	0	0			0	1		0		0		0	0	0		
2023-11-23T01:19:11.680Z	1				0	0	0	0	0	0			0	1		0		0		0	0	0		
2023-11-24T01:17:31.431Z	1				0	0	0	0	0	0			0	1		0		0		0	0	0		
2023-11-25T01:16:26.406Z	1				0	0	0	0	0	0			0	1		0		0		0	0	0		
2023-11-26T01:23:37.184Z	1				0	0	0	0	0	0			0	1		0		0		0	0	0		
2023-11-27T01:19:38.708Z	1				0	0	0	0	0	0			0	1		0		0		0	0	0		
2023-11-28T01:20:32.219Z	1				0	0	0	0	0	0			0	1		0		0		0	0	0		
2023-11-29T01:20:32.551Z	1				0	0	0	0	0	0			0	1		0		0		0	0	0		
2023-11-30T01:19:35.478Z	1				0	0	0	0	0	0			0	1		0		0		0	0	0		
2023-12-01T01:26:20.751Z	1				0	0	0	0	0	0			0	1		0		0		0	0	0		
2023-12-02T01:16:31.479Z	1				0	0	0	0	0	0			0	1		0		0		0	0	0		
2023-12-03T01:23:42.916Z	1				0	0	0	0	0	0			0	1		0		0		0	0	0		
2023-12-04T01:20:19.072Z	1				0	0	0	0	0	0			0	1		0		0		0	0	0		
2023-12-05T01:20:48.108Z	1				0	0	0	0	0	0			0	1		0		0		0	0	0		
2023-12-06T01:20:31.064Z	1				0	0	0	0	0	0			0	1		0		0		0	0	0		
2023-12-07T01:20:05.943Z	1				0	0	0	0	0	0			0	1	https://api.github.com/search/repositories?q=user:AlgorithmicGames&page=2	0		0		0	0	0		
2023-12-08T01:20:43.208Z	1				0	0	0	0	0	0			0	1		0		0		0	0	0		
2023-12-09T01:18:28.311Z	1				0	0	0	0	0	0			0	1		0		0		0	0	0		
2023-12-10T01:24:54.119Z	1				0	0	0	0	0	0			0	1		0		0		0	0	0		
2023-12-11T01:20:44.809Z	1				0	0	0	0	0	0			0	1		0		0		0	0	0		
2023-12-12T01:20:40.877Z	1				0	0	0	0	0	0			0	1		0		0		0	0	0		
2023-12-13T01:20:13.509Z	1				0	0	0	0	0	0			0	1		0		0		0	0	0		
2023-12-14T01:19:10.939Z	1				0	0	0	0	0	0			0	1		0		0		0	0	0		
2023-12-15T01:20:55.347Z	1				0	0	0	0	0	0			0	1		0		0		0	0	0		
2023-12-16T01:18:57.649Z	1				0	0	0	0	0	0			0	1		0		0		0	0	0		
2023-12-17T01:24:56.688Z	1				0	0	0	0	0	0			0	1		0		0		0	0	0		
2023-12-18T01:20:30.975Z	1				0	0	0	0	0	0			0	1		0		0		0	0	0		
2023-12-19T01:19:18.365Z	1				0	0	0	0	0	0			0	1		0		0		0	0	0		
2023-12-20T01:05:38.901Z	1				0	0	0	0	0	0			0	1		0		0		0	0	0		
2023-12-21T01:18:35.491Z	1				0	0	0	0	0	0			0	1		0		0		0	0	0		
2023-12-22T01:17:48.428Z	1				0	0	0	0	0	0			0	1		0		0		0	0	0		
2023-12-23T01:15:33.538Z	1				0	0	0	0	0	0			0	1		0		0		0	0	0		
2023-12-24T01:22:58.540Z	1				0	0	0	0	0	0			0	1		0		0		0	0	0		
2023-12-25T01:19:29.641Z	1				0	0	0	0	0	0			0	1		0		0		0	0	0		
2023-12-26T01:16:36.326Z	1				0	0	0	0	0	0			0	1		0		0		0	0	0		
2023-12-27T01:16:51.432Z	1				0	0	0	0	0	0			0	1		0		0		0	0	0		
2023-12-28T01:16:48.887Z	1				0	0	0	0	0	0			0	1		0		0		0	0	0		
2023-12-29T01:08:07.892Z	1				0	0	0	0	0	0			0	1		0		0		0	0	0		
2023-12-30T01:16:15.396Z	1				0	0	0	0	0	0			0	1		0		0		0	0	0		
2023-12-31T01:23:46.212Z	1				0	0	0	0	0	0			0	1		0		0		0	0	0		
2024-01-01T01:25:37.314Z	1				0	0	0	0	0	0			0	1		0		0		0	0	0		
2024-01-02T01:19:18.253Z	1				0	0	0	0	0	0			0	1		0		0		0	0	0		
2024-01-03T01:18:47.008Z	1				0	0	0	0	0	0			0	1		0		0		0	0	0		
2024-01-04T01:19:17.047Z	1				0	0	0	0	0	0			0	1		0		0		0	0	0		
2024-01-05T01:19:29.841Z	1				0	0	0	0	0	0			0	1		0		0		0	0	0		
2024-01-06T01:18:55.155Z	1				0	0	0	0	0	0			0	1		0		0		0	0	0		
2024-01-07T01:26:09.804Z	1				0	0	0	0	0	0			0	1		0		0		0	0	0		
2024-01-08T01:21:01.661Z	1				0	0	0	0	0	0			0	1		0		0		0	0	0		
2024-01-09T01:20:53.381Z	1				0	0	0	0	0	0			0	1		0		0		0	0	0		
2024-01-10T01:21:13.966Z	1				0	0	0	0	0	0			0	1		0		0		0	0	0		
2024-01-11T01:20:59.725Z	1				0	0	0	0	0	0			0	1		0		0		0	0	0		
2024-01-12T01:21:17.516Z	1				0	0	0	0	0	0			0	1		0		0		0	0	0		
2024-01-13T01:20:09.858Z	1				0	0	0	0	0	0			0	1		0		0		0	0	0		
2024-01-14T01:26:23.834Z	1				0	0	0	0	0	0			0	1		0		0		0	0	0		
2024-01-15T01:23:16.814Z	1				0	0	0	0	0	0			0	1		0		0		0	0	0		
2024-01-16T01:20:44.742Z	1				0	0	0	0	0	0			0	1		0		0		0	0	0		
2024-01-17T01:21:23.494Z	1				0	0	0	0	0	0			0	1		0		0		0	0	0		
2024-01-18T01:20:38.895Z	1				0	0	0	0	0	0			0	1		0		0		0	0	0		
2024-01-19T01:21:44.658Z	1				0	0	0	0	0	0			0	1		0		0		0	0	0		
2024-01-20T01:20:10.557Z	1				0	0	0	0	0	0			0	1		0		0		0	0	0		
2024-01-21T01:29:44.655Z	1				0	0	0	0	0	0			0	1		0		0		0	0	0		
2024-01-22T01:24:19.409Z	1				0	0	0	0	0	0			0	1		0		0		0	0	0		
2024-01-23T01:22:21.748Z	1				0	0	0	0	0	0			0	1		0		0		0	0	0		
2024-01-24T01:22:15.646Z	1				0	0	0	0	0	0			0	1		0		0		0	0	0		
2024-01-25T01:22:35.243Z	1				0	0	0	0	0	0			0	1		0		0		0	0	0		
2024-01-26T01:16:21.471Z	1				0	0	0	0	0	0			0	1		0		0		0	0	0		
2024-01-27T01:13:52.604Z	1				0	0	0	0	0	0			0	1		0		0		0	0	0		
2024-01-28T01:19:51.736Z	1				0	0	0	0	0	0			0	1		0		0		0	0	0		
2024-01-29T01:15:26.053Z	1				0	0	0	0	0	0			0	1		0		0		0	0	0		
2024-01-30T01:14:49.274Z	1				0	0	0	0	0	0			0	1		0		0		0	0	0		
2024-01-31T01:15:38.428Z	1				0	0	0	0	0	0			0	1		0		0		0	0	0		
2024-02-01T01:18:57.566Z	1				0	0	0	0	0	0			0	1		0		0		0	0	0		
2024-02-02T01:14:51.108Z	1				0	0	0	0	0	0			0	1		0		0		0	0	0		
2024-02-03T01:13:31.914Z	1				0	0	0	0	0	0			0	1		0		0		0	0	0		
2024-02-04T01:19:46.896Z	1				0	0	0	0	0	0			0	1		0		0		0	0	0		
2024-02-05T01:17:05.921Z	1				0	0	0	0	0	0			0	1		0		0		0	0	0		
2024-02-06T01:14:49.431Z	1				0	0	0	0	0	0			0	1		0		0		0	0	0		
2024-02-07T01:13:14.473Z	1				0	0	0	0	0	0			0	1		0		0		0	0	0		
2024-02-08T01:13:42.136Z	1				0	0	0	0	0	0			0	1		0		0		0	0	0		
2024-02-09T01:13:43.398Z	1				0	0	0	0	0	0			0	1		0		0		0	0	0		
2024-02-10T01:12:26.877Z	1				0	0	0	0	0	0			0	1		0		0		0	0	0		
2024-02-11T01:19:46.239Z	1				0	0	0	0	0	0			0	1		0		0		0	0	0		
2024-02-12T01:14:55.855Z	1				0	0	0	0	0	0			0	1		0		0		0	0	0		
2024-02-13T01:15:09.937Z	1				0	0	0	0	0	0			0	1		0		0		0	0	0		
2024-02-14T01:15:14.793Z	1				0	0	0	0	0	0			0	1		0		0		0	0	0		
2024-02-15T01:14:53.663Z	1				0	0	0	0	0	0			0	1		0		0		0	0	0		
2024-02-16T01:14:32.765Z	1				0	0	0	0	0	0			0	1		0		0		0	0	0		
2024-02-17T01:14:06.504Z	1				0	0	0	0	0	0			0	1		0		0		0	0	0		
2024-02-18T01:18:58.314Z	1				0	0	0	0	0	0			0	1		0		0		0	0	0		
2024-02-19T01:15:54.750Z	1				0	0	0	0	0	0			0	1		0		0		0	0	0		
2024-02-20T01:13:34.836Z	1				0	0	0	0	0	0			0	1		0		0		0	0	0		
2024-02-21T01:14:51.424Z	1				0	0	0	0	0	0			0	1		0		0		0	0	0		
2024-02-22T01:14:19.870Z	1				0	0	0	0	0	0			0	1		0		0		0	0	0		
2024-02-23T01:13:33.554Z	1				0	0	0	0	0	0			0	1		0		0		0	0	0		
2024-02-24T01:11:41.382Z	1				0	0	0	0	0	0			0	1		0		0		0	0	0		
2024-02-25T01:18:49.643Z	1				0	0	0	0	0	0			0	1		0		0		0	0	0		
2024-02-26T01:16:03.279Z	1				0	0	0	0	0	0			0	1		0		0		0	0	0		
2024-02-27T01:13:43.035Z	1				0	0	0	0	0	0			0	1		0		0		0	0	0		
2024-02-28T01:13:19.404Z	1				0	0	0	0	0	0			0	1		0		0		0	0	0		
2024-02-29T01:13:48.580Z	1				0	0	0	0	0	0			0	1		0		0		0	0	0		
2024-03-01T01:20:07.047Z	1				0	0	0	0	0	0			0	1		0		0		0	0	0		
2024-03-02T01:12:16.159Z	1				0	0	0	0	0	0			0	1		0		0		0	0	0		
2024-03-03T01:17:53.022Z	1				0	0	0	0	0	0			0	1		0		0		0	0	0		
2024-03-04T01:15:09.009Z	1				0	0	0	0	0	0			0	1		0		0		0	0	0		
2024-03-05T01:13:53.176Z	1				0	0	0	0	0	0			0	1		0		0		0	0	0		
2024-03-06T01:14:27.896Z	1				0	0	0	0	0	0			0	1		0		0		0	0	0		
2024-03-07T01:01:37.685Z	1				0	0	0	0	0	0			0	1		0		0		0	0	0		
2024-03-08T01:14:25.532Z	1				0	0	0	0	0	0			0	1		0		0		0	0	0		
2024-03-09T01:11:23.971Z	1				0	0	0	0	0	0			0	1		0		0		0	0	0		
2024-03-10T01:18:55.988Z	1				0	0	0	0	0	0			0	1		0		0		0	0	0		
2024-03-11T01:15:12.159Z	1				0	0	0	0	0	0			0	1		0		0		0	0	0		
2024-03-12T01:13:51.581Z	1				0	0	0	0	0	0			0	1		0		0		0	0	0		
2024-03-13T01:15:59.245Z	1				0	0	0	0	0	0			0	1		0		0		0	0	0		
2024-03-14T01:14:26.270Z	1				0	0	0	0	0	0			0	1		0		0		0	0	0		
2024-03-15T01:15:18.041Z	1				0	0	0	0	0	0			0	1		0		0		0	0	0		
2024-03-16T01:13:14.768Z	1				0	0	0	0	0	0			0	1		0		0		0	0	0		
2024-03-17T01:19:26.312Z	1				0	0	0	0	0	0			0	1		0		0		0	0	0		
2024-03-18T01:15:29.448Z	1				0	0	0	0	0	0			0	1		0		0		0	0	0		
2024-03-19T01:15:20.850Z	1				0	0	0	0	0	0			0	1		0		0		0	0	0		
2024-03-20T01:14:41.877Z	1				0	0	0	0	0	0			0	1		0		0		0	0	0		
2024-03-21T01:15:53.430Z	1				0	0	0	0	0	0			0	1		0		0		0	0	0		
2024-03-22T01:14:35.596Z	1				0	0	0	0	0	0			0	1		0		0		0	0	0		
2024-03-23T01:13:20.128Z	1				0	0	0	0	0	0			0	1		0		0		0	0	0		
2024-03-24T01:21:27.459Z	1				0	0	0	0	0	0			0	1		0		0		0	0	0		
2024-03-25T01:16:49.806Z	1				0	0	0	0	0	0			0	1		0		0		0	0	0		
2024-03-26T01:14:55.220Z	1				0	0	0	0	0	0			0	1		0		0		0	0	0		
2024-03-27T01:14:46.205Z	1				0	0	0	0	0	0			0	1		0		0		0	0	0		
2024-03-28T01:15:19.461Z	1				0	0	0	0	0	0			0	1		0		0		0	0	0		
2024-03-29T01:15:23.354Z	1				0	0	0	0	0	0			0	1		0		0		0	0	0		
2024-03-30T01:13:03.374Z	1				0	0	0	0	0	0			0	1		0		0		0	0	0		
2024-03-31T01:21:51.748Z	1				0	0	0	0	0	0			0	1		0		0		0	0	0		
2024-04-01T01:22:00.480Z	1				0	0	0	0	0	0			0	1		0		0		0	0	0		
2024-04-02T01:19:24.885Z	1				0	0	0	0	0	0			0	1		0		0		0	0	0		
2024-04-03T01:15:24.996Z	1				0	0	0	0	0	0			0	1		0		0		0	0	0		
2024-04-04T01:16:38.843Z	1				0	0	0	0	0	0			0	1		0		0		0	0	0		
2024-04-05T01:15:55.027Z	1				0	0	0	0	0	0			0	1		0		0		0	0	0		
2024-04-06T01:14:06.084Z	1				0	0	0	0	0	0			0	1		0		0		0	0	0		
2024-04-07T01:21:54.807Z	1				0	0	0	0	0	0			0	1		0		0		0	0	0		
2024-04-08T01:17:30.709Z	1				0	0	0	0	0	0			0	1		0		0		0	0	0		
2024-04-09T01:16:31.315Z	1				0	0	0	0	0	0			0	1		0		0		0	0	0		
2024-04-10T01:15:31.621Z	1				0	0	0	0	0	0			0	1		0		0		0	0	0		
2024-04-11T01:17:12.687Z	1				0	0	0	0	0	0			0	1		0		0		0	0	0		
2024-04-12T01:16:43.663Z	1				0	0	0	0	0	0			0	1		0		0		0	0	0		
2024-04-13T01:03:20.340Z	1				0	0	0	0	0	0			0	1		0		0		0	0	0		
2024-04-14T01:45:48.790Z	1				0	0	0	0	0	0			0	1		0		0		0	0	0		
2024-04-15T03:33:03.843Z	1				0	0	0	0	0	0			0	1		0		0		0	0	0		
2024-04-16T01:16:12.554Z	1				0	0	0	0	0	0			0	1		0		0		0	0	0		
2024-04-17T01:16:38.714Z	1				0	0	0	0	0	0			0	1		0		0		0	0	0		
2024-04-18T01:16:16.955Z	1				0	0	0	0	0	0			0	1		0		0		0	0	0		
2024-04-19T01:17:23.429Z	1				0	0	0	0	0	0			0	1		0		0		0	0	0		
2024-04-20T01:16:34.138Z	1				0	0	0	0	0	0			0	1		0		0		0	0	0		
2024-04-21T01:22:24.435Z	1				0	0	0	0	0	0			0	1		0		0		0	0	0		
2024-04-22T01:19:28.643Z	1				0	0	0	0	0	0			0	1		0		0		0	0	0		
2024-04-23T01:18:00.455Z	1				0	0	0	0	0	0			0	1		0		0		0	0	0		
2024-04-24T01:19:34.965Z	1				0	0	0	0	0	0			0	1		0		0		0	0	0		
2024-04-25T01:19:34.908Z	1				0	0	0	0	0	0			0	1		0		0		0	0	0		
2024-04-26T01:17:55.976Z	1				0	0	0	0	0	0			0	1		0		0		0	0	0		
2024-04-27T01:16:34.521Z	1				0	0	0	0	0	0			0	1		0		0		0	0	0		
2024-04-28T01:23:15.369Z	1				0	0	0	0	0	0			0	1		0		0		0	0	0		
2024-04-29T01:19:16.821Z	1				0	0	0	0	0	0			0	1		0		0		0	0	0		
2024-04-30T01:17:47.604Z	1				0	0	0	0	0	0			0	1		0		0		0	0	0		
2024-05-01T01:23:19.485Z	1				0	0	0	0	0	0			0	1		0		0		0	0	0		
2024-05-02T01:17:47.536Z	1				0	0	0	0	0	0			0	1		0		0		0	0	0		
2024-05-03T01:20:57.922Z	1				0	0	0	0	0	0			0	1		0		0		0	0	0		
2024-05-04T01:17:35.876Z	1				0	0	0	0	0	0			0	1		0		0		0	0	0		
2024-05-05T01:23:28.323Z	1				0	0	0	0	0	0			0	1		0		0		0	0	0		
2024-05-06T01:20:01.745Z	1				0	0	0	0	0	0			0	1		0		0		0	0	0		
2024-05-07T01:19:39.639Z	1				0	0	0	0	0	0			0	1		0		0		0	0	0		
2024-05-08T01:05:49.368Z	1				0	0	0	0	0	0			0	1		0		0		0	0	0		
2024-05-09T01:19:12.981Z	1				0	0	0	0	0	0			0	1		0		0		0	0	0		
2024-05-10T01:20:06.985Z	1				0	0	0	0	0	0			0	1		0		0		0	0	0		
2024-05-11T01:19:01.713Z	1				0	0	0	0	0	0			0	1		0		0		0	0	0		
2024-05-12T01:26:03.604Z	1				0	0	0	0	0	0			0	1		0		0		0	0	0		
2024-05-13T01:21:56.982Z	1				0	0	0	0	0	0			0	1		0		0		0	0	0		
2024-05-14T01:20:11.289Z	1				0	0	0	0	0	0			0	1		0		0		0	0	0		
2024-05-15T01:20:50.608Z	1				0	0	0	0	0	0			0	1		0		0		0	0	0		
2024-05-16T01:20:36.696Z	1				0	0	0	0	0	0			0	1		0		0		0	0	0		
2024-05-17T01:20:47.111Z	1				0	0	0	0	0	0			0	1		0		0		0	0	0		
2024-05-18T01:20:00.001Z	1				0	0	0	0	0	0			0	1		0		0		0	0	0		
2024-05-19T01:25:57.269Z	1				0	0	0	0	0	0			0	1		0		0		0	0	0		
2024-05-20T01:21:12.613Z	1				0	0	0	0	0	0			0	1		0		0		0	0	0		
2024-05-21T01:20:38.520Z	1				0	0	0	0	0	0			0	1		0		0		0	0	0		
2024-05-22T01:21:23.204Z	1				0	0	0	0	0	0			0	1		0		0		0	0	0		
2024-05-23T01:20:35.386Z	1				0	0	0	0	0	0			0	1		0		0		0	0	0		
2024-05-24T01:21:18.966Z	1				0	0	0	0	0	0			0	1		0		0		0	0	0		
2024-05-25T01:19:50.456Z	1				0	0	0	0	0	0			0	1		0		0		0	0	0		
2024-05-26T01:32:41.345Z	1				0	0	0	0	0	0			0	1		0		0		0	0	0		
2024-05-27T01:22:52.754Z	1				0	0	0	0	0	0			0	1		0		0		0	0	0		
2024-05-28T01:21:29.145Z	1				0	0	0	0	0	0			0	1		0		0		0	0	0		
2024-05-29T01:25:15.813Z	1				0	0	0	0	0	0			0	1		0		0		0	0	0		
2024-05-30T01:22:06.590Z	1				0	0	0	0	0	0			0	1		0		0		0	0	0		
2024-05-31T01:22:50.545Z	1				0	0	0	0	0	0			0	1		0		0		0	0	0		
2024-06-01T01:32:51.697Z	1				0	0	0	0	0	0			0	1		0		0		0	0	0		
2024-06-02T01:33:07.870Z	1				0	0	0	0	0	0			0	1		0		0		0	0	0		
2024-06-03T01:23:57.768Z	1				0	0	0	0	0	0			0	1		0		0		0	0	0		
2024-06-04T01:23:09.461Z	1				0	0	0	0	0	0			0	1		0		0		0	0	0		
2024-06-05T01:22:42.434Z	1				0	0	0	0	0	0			0	1		0		0		0	0	0		
2024-06-06T01:22:42.857Z	1				0	0	0	0	0	0			0	1		0		0		0	0	0		
2024-06-07T01:25:17.970Z	1				0	0	0	0	0	0			0	1		0		0		0	0	0		
2024-06-08T01:22:44.556Z	1				0	0	0	0	0	0			0	1		0		0		0	0	0		
2024-06-09T01:36:08.791Z	1				0	0	0	0	0	0			0	1		0		0		0	0	0		
2024-06-10T01:25:47.677Z	1				0	0	0	0	0	0			0	1		0		0		0	0	0		
2024-06-11T01:24:31.575Z	1				0	0	0	0	0	0			0	1		0		0		0	0	0		
2024-06-12T01:24:26.650Z	1				0	0	0	0	0	0			0	1		0		0		0	0	0		
2024-06-13T01:23:38.757Z	1				0	0	0	0	0	0			0	1		0		0		0	0	0		
2024-06-14T01:23:48.804Z	1				0	0	0	0	0	0			0	1		0		0		0	0	0		
2024-06-15T01:23:44.785Z	1				0	0	0	0	0	0			0	1		0		0		0	0	0		
2024-06-16T01:36:11.287Z	1				0	0	0	0	0	0			0	1		0		0		0	0	0		
2024-06-17T01:33:29.535Z	1				0	0	0	0	0	0			0	1		0		0		0	0	0		
2024-06-18T01:24:37.822Z	1				0	0	0	0	0	0			0	1		0		0		0	0	0		
2024-06-19T01:24:57.590Z	1				0	0	0	0	0	0			0	1		0		0		0	0	0		
2024-06-20T01:22:45.066Z	1				0	0	0	0	0	0			0	1		0		0		0	0	0		
2024-06-21T01:23:13.259Z	1				0	0	0	0	0	0			0	1		0		0		0	0	0		
2024-06-22T01:22:38.697Z	1				0	0	0	0	0	0			0	1		0		0		0	0	0		
2024-06-23T01:36:08.621Z	1				0	0	0	0	0	0			0	1		0		0		0	0	0		
2024-06-24T01:25:29.167Z	1				0	0	0	0	0	0			0	1		0		0		0	0	0		
2024-06-25T01:24:25.529Z	1				0	0	0	0	0	0			0	1		0		0		0	0	0		
2024-06-26T01:24:12.058Z	1				0	0	0	0	0	0			0	1		0		0		0	0	0		
2024-06-27T01:24:33.204Z	1				0	0	0	0	0	0			0	1		0		0		0	0	0		
2024-06-28T01:24:45.420Z	1				0	0	0	0	0	0			0	1		0		0		0	0	0		
2024-06-29T01:23:15.805Z	1				0	0	0	0	0	0			0	1		0		0		0	0	0		
2024-06-30T01:37:12.739Z	1				0	0	0	0	0	0			0	1		0		0		0	0	0		
2024-07-01T01:40:11.893Z	1				0	0	0	0	0	0			0	1		0		0		0	0	0		
2024-07-02T01:25:18.241Z	1				0	0	0	0	0	0			0	1		0		0		0	0	0		
2024-07-03T01:24:53.186Z	1				0	0	0	0	0	0			0	1		0		0		0	0	0		
2024-07-04T01:25:08.495Z	1				0	0	0	0	0	0			0	1		0		0		0	0	0		
2024-07-05T01:25:08.698Z	1				0	0	0	0	0	0			0	1		0		0		0	0	0		
2024-07-06T01:23:05.966Z	1				0	0	0	0	0	0			0	1		0		0		0	0	0		
2024-07-07T01:38:10.803Z	1				0	0	0	0	0	0			0	1		0		0		0	0	0		
2024-07-08T01:34:00.262Z	1				0	0	0	0	0	0			0	1		0		0		0	0	0		
2024-07-09T01:26:38.884Z	1				0	0	0	0	0	0			0	1		0		0		0	0	0		
2024-07-10T01:32:56.281Z	1				0	0	0	0	0	0			0	1		0		0		0	0	0		
2024-07-11T01:33:07.131Z	1				0	0	0	0	0	0			0	1		0		0		0	0	0		
2024-07-12T01:25:40.801Z	1				0	0	0	0	0	0			0	1		0		0		0	0	0		
2024-07-13T01:26:59.891Z	1				0	0	0	0	0	0			0	1		0		0		0	0	0		
2024-07-14T01:39:41.749Z	1				0	0	0	0	0	0			0	1		0		0		0	0	0		
2024-07-15T01:35:29.242Z	1				0	0	0	0	0	0			0	1		0		0		0	0	0		
2024-07-16T01:34:50.580Z	1				0	0	0	0	0	0			0	1		0		0		0	0	0		
2024-07-17T01:33:37.514Z	1				0	0	0	0	0	0			0	1		0		0		0	0	0		
2024-07-18T01:25:44.935Z	1				0	0	0	0	0	0			0	1		0		0		0	0	0		
2024-07-19T01:34:22.154Z	1				0	0	0	0	0	0			0	1		0		0		0	0	0		
2024-07-20T01:25:03.997Z	1				0	0	0	0	0	0			0	1		0		0		0	0	0		
2024-07-21T01:39:02.419Z	1				0	0	0	0	0	0			0	1		0		0		0	0	0		
2024-07-22T01:36:27.295Z	1				0	0	0	0	0	0			0	1		0		0		0	0	0		
2024-07-23T01:34:00.923Z	1				0	0	0	0	0	0			0	1		0		0		0	0	0		
2024-07-24T01:33:56.177Z	1				0	0	0	0	0	0			0	1		0		0		0	0	0		
2024-07-25T01:33:27.938Z	1				0	0	0	0	0	0			0	1		0		0		0	0	0		
2024-07-26T01:26:56.904Z	1				0	0	0	0	0	0			0	1		0		0		0	0	0		
2024-07-27T01:25:41.394Z	1				0	0	0	0	0	0			0	1		0		0		0	0	0		
2024-07-28T01:40:00.198Z	1				0	0	0	0	0	0			0	1		0		0		0	0	0		
2024-07-29T01:36:29.443Z	1				0	0	0	0	0	0			0	1		0		0		0	0	0		
2024-07-30T01:34:01.368Z	1				0	0	0	0	0	0			0	1		0		0		0	0	0		
2024-07-31T01:13:09.976Z	1				0	0	0	0	0	0			0	1		0		0		0	0	0		
2024-08-01T01:41:08.107Z	1				0	0	0	0	0	0			0	1		0		0		0	0	0		
2024-08-02T01:33:36.746Z	1				0	0	0	0	0	0			0	1		0		0		0	0	0		
2024-08-03T01:26:17.154Z	1				0	0	0	0	0	0			0	1		0		0		0	0	0		
2024-08-04T01:39:59.039Z	1				0	0	0	0	0	0			0	1		0		0		0	0	0		
2024-08-05T01:36:35.165Z	1				0	0	0	0	0	0			0	1		0		0		0	0	0		
2024-08-06T01:34:26.866Z	1				0	0	0	0	0	0			0	1		0		0		0	0	0		
2024-08-07T01:35:29.657Z	1				0	0	0	0	0	0			0	1		0		0		0	0	0		
2024-08-08T01:35:10.222Z	1				0	0	0	0	0	0			0	1		0		0		0	0	0		
2024-08-09T01:36:15.237Z	1				0	0	0	0	0	0			0	1		0		0		0	0	0		
2024-08-10T01:35:27.672Z	1				0	0	0	0	0	0			0	1		0		0		0	0	0		
2024-08-11T01:41:30.841Z	1				0	0	0	0	0	0			0	1		0		0		0	0	0		
2024-08-12T01:38:01.311Z	1				0	0	0	0	0	0			0	1		0		0		0	0	0		
2024-08-13T01:37:44.060Z	1				0	0	0	0	0	0			0	1		0		0		0	0	0		
2024-08-14T01:35:44.423Z	1				0	0	0	0	0	0			0	1		0		0		0	0	0		
2024-08-15T01:24:18.224Z	1				0	0	0	0	0	0			0	1		0		0		0	0	0		
2024-08-16T01:34:50.108Z	1				0	0	0	0	0	0			0	1		0		0		0	0	0		
2024-08-17T01:26:08.180Z	1				0	0	0	0	0	0			0	1		0		0		0	0	0		
2024-08-18T01:40:01.033Z	1				0	0	0	0	0	0			0	1		0		0		0	0	0		
2024-08-19T01:37:14.274Z	1				0	0	0	0	0	0			0	1		0		0		0	0	0		
2024-08-20T01:34:40.540Z	1				0	0	0	0	0	0			0	1		0		0		0	0	0		
2024-08-21T01:35:12.240Z	1				0	0	0	0	0	0			0	1		0		0		0	0	0		
2024-08-22T01:37:06.972Z	1				0	0	0	0	0	0			0	1		0		0		0	0	0		
2024-08-23T01:35:50.073Z	1				0	0	0	0	0	0			0	1		0		0		0	0	0		
2024-08-24T01:33:42.953Z	1				0	0	0	0	0	0			0	1		0		0		0	0	0		
2024-08-25T01:42:26.990Z	1				0	0	0	0	0	0			0	1		0		0		0	0	0		
2024-08-26T01:37:08.149Z	1				0	0	0	0	0	0			0	1		0		0		0	0	0		
2024-08-27T01:37:29.939Z	1				0	0	0	0	0	0			0	1		0		0		0	0	0		
2024-08-28T01:38:25.405Z	1				0	0	0	0	0	0			0	1		0		0		0	0	0		
2024-08-29T01:39:17.703Z	1				0	0	0	0	0	0			0	1		0		0		0	0	0		
2024-08-30T01:39:39.490Z	1				0	0	0	0	0	0			0	1		0		0		0	0	0		
2024-08-31T01:38:51.138Z	1				0	0	0	0	0	0			0	1		0		0		0	0	0		
2024-09-01T01:53:18.371Z	1				0	0	0	0	0	0			0	1		0		0		0	0	0		
2024-09-02T01:41:29.171Z	1				0	0	0	0	0	0			0	1		0		0		0	0	0		
2024-09-03T01:38:44.922Z	1				0	0	0	0	0	0			0	1		0		0		0	0	0		
2024-09-04T01:40:04.966Z	1				0	0	0	0	0	0			0	1		0		0		0	0	0		
2024-09-05T01:40:13.848Z	1				0	0	0	0	0	0			0	1		0		0		0	0	0		
2024-09-06T01:39:59.693Z	1				0	0	0	0	0	0			0	1		0		0		0	0	0		
2024-09-07T01:38:18.382Z	1				0	0	0	0	0	0			0	1		0		0		0	0	0		
2024-09-08T01:46:39.818Z	1				0	0	0	0	0	0			0	1		0		0		0	0	0		
2024-09-09T01:43:07.337Z	1				0	0	0	0	0	0			0	1		0		0		0	0	0		
2024-09-10T01:41:28.330Z	1				0	0	0	0	0	0			0	1		0		0		0	0	0		
2024-09-11T01:40:28.206Z	1				0	0	0	0	0	0			0	1		0		0		0	0	0		
2024-09-12T01:40:35.865Z	1				0	0	0	0	0	0			0	1		0		0		0	0	0		
2024-09-13T01:41:18.420Z	1				0	0	0	0	0	0			0	1		0		0		0	0	0		
2024-09-14T01:39:40.505Z	1				0	0	0	0	0	0			0	1		0		0		0	0	0		
2024-09-15T01:50:24.607Z	1				0	0	0	0	0	0			0	1		0		0		0	0	0		
2024-09-16T01:47:04.028Z	1				0	0	0	0	0	0			0	1		0		0		0	0	0		
2024-09-17T01:18:50.976Z	1				0	0	0	0	0	0			0	1		0		0		0	0	0		
2024-09-18T01:40:54.988Z	1				0	0	0	0	0	0			0	1		0		0		0	0	0		
2024-09-19T01:42:50.564Z	1				0	0	0	0	0	0			0	1		0		0		0	0	0		
2024-09-20T01:42:36.710Z	1				0	0	0	0	0	0			0	1		0		0		0	0	0		
2024-09-21T01:40:48.250Z	1				0	0	0	0	0	0			0	1		0		0		0	0	0		
2024-09-22T01:50:55.584Z	1				0	0	0	0	0	0			0	1		0		0		0	0	0		
2024-09-23T01:45:40.290Z	1				0	0	0	0	0	0			0	1		0		0		0	0	0		
2024-09-24T01:45:42.110Z	1				0	0	0	0	0	0			0	1		0		0		0	0	0		
2024-09-25T01:46:43.076Z	1				0	0	0	0	0	0			0	1		0		0		0	0	0		
2024-09-26T01:44:39.689Z	1				0	0	0	0	0	0			0	1		0		0		0	0	0		
2024-09-27T01:45:33.072Z	1				0	0	0	0	0	0			0	1		0		0		0	0	0		
2024-09-28T01:44:40.112Z	1				0	0	0	0	0	0			0	1		0		0		0	0	0		
2024-09-29T01:52:29.885Z	1				0	0	0	0	0	0			0	1		0		0		0	0	0		
2024-09-30T01:48:55.078Z	1				0	0	0	0	0	0			0	1		0		0		0	0	0		
2024-10-01T01:54:38.920Z	1				0	0	0	0	0	0			0	1		0		0		0	0	0		
2024-10-03T01:45:34.348Z	1				0	0	0	0	0	0			0	1		0		0		0	0	0		
2024-10-04T01:45:46.749Z	1				0	0	0	0	0	0			0	1		0		0		0	0	0		
2024-10-05T01:43:58.490Z	1				0	0	0	0	0	0			0	1		0		0		0	0	0		
2024-10-06T01:52:05.157Z	1				0	0	0	0	0	0			0	1		0		0		0	0	0		
2024-10-07T01:48:46.605Z	1				0	0	0	0	0	0			0	1		0		0		0	0	0		
2024-10-08T01:45:54.305Z	1				0	0	0	0	0	0			0	1		0		0		0	0	0		
2024-10-09T01:44:55.970Z	1				0	0	0	0	0	0			0	1		0		0		0	0	0		
2024-10-10T01:45:18.468Z	1				0	0	0	0	0	0			0	1		0		0		0	0	0		
2024-10-11T01:45:03.367Z	1				0	0	0	0	0	0			0	1		0		0		0	0	0		
2024-10-12T01:42:33.283Z	1				0	0	0	0	0	0			0	1		0		0		0	0	0		
2024-10-13T01:51:33.372Z	1				0	0	0	0	0	0			0	1		0		0		0	0	0		
2024-10-14T01:48:16.081Z	1				0	0	0	0	0	0			0	1		0		0		0	0	0		
2024-10-15T01:46:59.675Z	1				0	0	0	0	0	0			0	1		0		0		0	0	0		
2024-10-16T01:47:11.882Z	1				0	0	0	0	0	0			0	1		0		0		0	0	0		
2024-10-17T01:45:50.527Z	1				0	0	0	0	0	0			0	1		0		0		0	0	0		
2024-10-18T01:46:21.111Z	1				0	0	0	0	0	0			0	1		0		0		0	0	0		
2024-10-19T01:44:20.594Z	1				0	0	0	0	0	0			0	1		0		0		0	0	0		
2024-10-20T01:53:35.032Z	1				0	0	0	0	0	0			0	1		0		0		0	0	0		
2024-10-21T01:48:32.938Z	1				0	0	0	0	0	0			0	1		0		0		0	0	0		
2024-10-22T01:47:09.721Z					0	0	0	0	0	0			0	0		0		0		0	0	0	0	
2024-10-23T01:45:33.076Z	0				0	0	0	0	0	0			0	0		0		0		0	0	0		
2024-10-24T01:45:40.101Z	0				0	0	0	0	0	0			0	0		0		0		0	0	0		
2024-10-25T01:46:45.213Z	0				0	0	0	0	0	0			0	0		0		0		0	0	0		
2024-10-26T01:43:02.893Z	0				0	0	0	0	0	0			0	0		0		0		0	0	0		
2024-10-27T01:52:27.156Z	0				0	0	0	0	0	0			0	0		0		0		0	0	0		
2024-10-28T01:50:27.105Z	0				0	0	0	0	0	0			0	0		0		0		0	0	0		
2024-10-29T01:48:07.169Z	0				0	0	0	0	0	0			0	0		0		0		0	0	0		
2024-10-30T01:47:05.616Z	0				0	0	0	0	0	0			0	0		0		0		0	0	0		
2024-10-31T01:48:06.364Z	0				0	0	0	0	0	0			0	0		0		0		0	0	0		
2024-11-01T01:54:08.819Z	0				0	0	0	0	0	0			0	0		0		0		0	0	0		
2024-11-02T01:44:27.277Z	0				0	0	0	0	0	0			0	0		0		0		0	0	0		
2024-11-03T01:52:38.411Z	0				0	0	0	0	0	0			0	0		0		0		0	0	0		
2024-11-04T01:48:41.372Z	0				0	0	0	0	0	0			0	0		0		0		0	0	0		
2024-11-05T01:44:20.268Z	0				0	0	0	0	0	0			0	0		0		0		0	0	0		
2024-11-06T01:43:41.637Z	0				0	0	0	0	0	0			0	0		0		0		0	0	0		
2024-11-07T01:44:03.008Z	0				0	0	0	0	0	0			0	0		0		0		0	0	0		
2024-11-08T01:44:32.592Z	0				0	0	0	0	0	0			0	0		0		0		0	0	0		
2024-11-09T01:41:19.954Z	0				0	0	0	0	0	0			0	0		0		0		0	0	0		
2024-11-10T01:49:29.411Z	0				0	0	0	0	0	0			0	0		0		0		0	0	0		
2024-11-11T01:46:29.772Z	0				0	0	0	0	0	0			0	0		0		0		0	0	0		
2024-11-12T01:43:00.842Z	0				0	0	0	0	0	0			0	0		0		0		0	0	0		
2024-11-13T01:45:19.735Z	0				0	0	0	0	0	0			0	0		0		0		0	0	0		
2024-11-14T01:45:30.416Z	0				0	0	0	0	0	0			0	0		0		0		0	0	0		
2024-11-15T01:51:44.358Z	0				0	0	0	0	0	0			0	0		0		0		0	0	0		
2024-11-16T01:49:26.756Z	0				0	0	0	0	0	0			0	0		0		0		0	0	0		
2024-11-17T01:56:04.980Z	0				0	0	0	0	0	0			0	0		0		0		0	0	0		
2024-11-18T01:53:54.498Z	0				0	0	0	0	0	0			0	0		0		0		0	0	0		
2024-11-19T01:51:31.419Z	0				0	0	0	0	0	0			0	0		0		0		0	0	0		
2024-11-20T01:50:18.782Z	0				0	0	0	0	0	0			0	0		0		0		0	0	0		
2024-11-21T01:50:08.645Z	0				0	0	0	0	0	0			0	0		0		0		0	0	0		
2024-11-22T01:51:23.239Z	0				0	0	0	0	0	0			0	0		0		0		0	0	0		
2024-11-23T01:47:24.895Z	0				0	0	0	0	0	0			0	0		0		0		0	0	0		
2024-11-24T01:56:53.904Z	0				0	0	0	0	0	0			0	0		0		0		0	0	0		
2024-11-25T01:53:31.550Z	0				0	0	0	0	0	0			0	0		0		0		0	0	0		
2024-11-26T01:52:14.490Z	0				0	0	0	0	0	0			0	0		0		0		0	0	0		
2024-11-27T01:53:52.542Z	0				0	0	0	0	0	0			0	0		0		0		0	0	0		
2024-11-28T01:53:28.957Z	0				0	0	0	0	0	0			0	0		0		0		0	0	0		
2024-11-29T01:53:22.802Z	0				0	0	0	0	0	0			0	0		0		0		0	0	0		
2024-11-30T01:50:14.357Z	0				0	0	0	0	0	0			0	0		0		0		0	0	0		
2024-12-01T02:09:26.737Z	0				0	0	0	0	0	0			0	0		0		0		0	0	0		
2024-12-02T01:57:16.021Z	0				0	0	0	0	0	0			0	0		0		0		0	0	0		
2024-12-03T01:55:27.709Z	0				0	0	0	0	0	0			0	0		0		0		0	0	0		
2024-12-04T01:55:43.266Z	0				0	0	0	0	0	0			0	0		0		0		0	0	0		
2024-12-05T01:55:48.710Z	0				0	0	0	0	0	0			0	0		0		0		0	0	0		
2024-12-06T01:54:39.837Z	0				0	0	0	0	0	0			0	0		0		0		0	0	0		
2024-12-07T01:53:37.918Z	0				0	0	0	0	0	0			0	0		0		0		0	0	0		
2024-12-08T02:02:51.552Z	0				0	0	0	0	0	0			0	0		0		0		0	0	0		
2024-12-09T01:58:55.940Z	0				0	0	0	0	0	0			0	0		0		0		0	0	0		
2024-12-10T01:57:15.047Z	0				0	0	0	0	0	0			0	0		0		0		0	0	0		
2024-12-11T01:55:34.968Z	0				0	0	0	0	0	0			0	0		0		0		0	0	0		
2024-12-12T01:55:16.142Z	0				0	0	0	0	0	0			0	0		0		0		0	0	0		
2024-12-13T01:56:39.415Z	0				0	0	0	0	0	0			0	0		0		0		0	0	0		
2024-12-14T01:51:58.917Z	0				0	0	0	0	0	0			0	0		0		0		0	0	0		
2024-12-15T02:02:41.674Z	0				0	0	0	0	0	0			0	0		0		0		0	0	0		
2024-12-16T01:59:13.543Z	0				0	0	0	0	0	0			0	0		0		0		0	0	0		
2024-12-17T01:55:04.053Z	0				0	0	0	0	0	0			0	0		0		0		0	0	0		
2024-12-18T01:51:31.860Z	0				0	0	0	0	0	0			0	0		0		0		0	0	0		
2024-12-19T01:52:16.456Z	0				0	0	0	0	0	0			0	0		0		0		0	0	0		
2024-12-20T01:46:46.992Z	0				0	0	0	0	0	0			0	0		0		0		0	0	0		
2024-12-21T01:44:25.595Z	0				0	0	0	0	0	0			0	0		0		0		0	0	0		
2024-12-22T01:53:03.742Z	0				0	0	0	0	0	0			0	0		0		0		0	0	0		
2024-12-23T01:48:04.439Z	0				0	0	0	0	0	0			0	0		0		0		0	0	0		
2024-12-24T01:45:58.635Z	0				0	0	0	0	0	0			0	0		0		0		0	0	0		
2024-12-25T01:44:34.782Z	0				0	0	0	0	0	0			0	0		0		0		0	0	0		
2024-12-26T01:45:02.659Z	0				0	0	0	0	0	0			0	0		0		0		0	0	0		
2024-12-27T01:45:46.292Z	0				0	0	0	0	0	0			0	0		0		0		0	0	0		
2024-12-28T01:43:30.884Z	0				0	0	0	0	0	0			0	0		0		0		0	0	0		
2024-12-29T01:54:09.002Z	0				0	0	0	0	0	0			0	0		0		0		0	0	0		
2024-12-30T01:48:52.388Z	0				0	0	0	0	0	0			0	0		0		0		0	0	0		
2024-12-31T01:45:23.956Z	0				0	0	0	0	0	0			0	0		0		0		0	0	0		
2025-01-01T01:53:46.418Z	0				0	0	0	0	0	0			0	0		0		0		0	0	0		
2025-01-02T01:45:02.847Z	0				0	0	0	0	0	0			0	0		0		0		0	0	0		
2025-01-03T01:45:59.413Z	0				0	0	0	0	0	0			0	0		0		0		0	0	0		
2025-01-04T01:43:47.420Z	0				0	0	0	0	0	0			0	0		0		0		0	0	0		
2025-01-05T01:53:06.555Z	0				0	0	0	0	0	0			0	0		0		0		0	0	0		
2025-01-06T01:50:42.301Z	0				0	0	0	0	0	0			0	0		0		0		0	0	0		
2025-01-07T01:47:13.565Z	0				0	0	0	0	0	0			0	0		0		0		0	0	0		
2025-01-08T01:46:23.701Z	0				0	0	0	0	0	0			0	0		0		0		0	0	0		
2025-01-09T02:17:58.514Z	0				0	0	0	0	0	0			0	0		0		0		0	0	0		
2025-01-10T01:48:40.348Z	0				0	0	0	0	0	0			0	0		0		0		0	0	0		
2025-01-11T01:46:22.469Z	0				0	0	0	0	0	0			0	0		0		0		0	0	0		
2025-01-12T01:54:54.404Z	0				0	0	0	0	0	0			0	0		0		0		0	0	0		
2025-01-13T01:51:29.732Z	0				0	0	0	0	0	0			0	0		0		0		0	0	0		
2025-01-14T01:41:42.076Z	0				0	0	0	0	0	0			0	0		0		0		0	0	0		
2025-01-15T01:43:36.641Z	0				0	0	0	0	0	0			0	0		0		0		0	0	0		
2025-01-16T01:42:48.833Z	0				0	0	0	0	0	0			0	0		0		0		0	0	0		
2025-01-17T01:42:25.678Z	0				0	0	0	0	0	0			0	0		0		0		0	0	0		
2025-01-18T01:40:02.893Z	0				0	0	0	0	0	0			0	0		0		0		0	0	0		
2025-01-19T01:49:31.442Z	0				0	0	0	0	0	0			0	0		0		0		0	0	0		
2025-01-20T01:45:03.872Z	0				0	0	0	0	0	0			0	0		0		0		0	0	0		
2025-01-21T01:42:53.612Z	0				0	0	0	0	0	0			0	0		0		0		0	0	0		
2025-01-22T01:45:25.526Z	0				0	0	0	0	0	0			0	0		0		0		0	0	0		
2025-01-23T01:43:34.022Z	0				0	0	0	0	0	0			0	0		0		0		0	0	0		
2025-01-24T01:43:36.886Z	0				0	0	0	0	0	0			0	0		0		0		0	0	0		
2025-01-25T01:39:11.342Z	0				0	0	0	0	0	0			0	0		0		0		0	0	0		
2025-01-26T01:46:12.199Z	0				0	0	0	0	0	0			0	0		0		0		0	0	0		
2025-01-27T01:45:34.322Z	0				0	0	0	0	0	0			0	0		0		0		0	0	0		
2025-01-28T01:42:59.168Z	0				0	0	0	0	0	0			0	0		0		0		0	0	0		
2025-01-29T01:43:04.800Z	0				0	0	0	0	0	0			0	0		0		0		0	0	0		
2025-01-30T01:41:46.154Z	0				0	0	0	0	0	0			0	0		0		0		0	0	0		
2025-01-31T01:43:42.198Z	0				0	0	0	0	0	0			0	0		0		0		0	0	0		
2025-02-01T01:48:21.599Z	0				0	0	0	0	0	0			0	0		0		0		0	0	0		
2025-02-02T01:47:40.490Z	0				0	0	0	0	0	0			0	0		0		0		0	0	0		
2025-02-03T01:44:54.345Z	0				0	0	0	0	0	0			0	0		0		0		0	0	0		
2025-02-04T01:43:54.357Z	0				0	0	0	0	0	0			0	0		0		0		0	0	0		
2025-02-05T01:44:56.507Z	0				0	0	0	0	0	0			0	0		0		0		0	0	0		
2025-02-06T01:45:22.667Z	0				0	0	0	0	0	0			0	0		0		0		0	0	0		
2025-02-07T01:45:44.653Z	0				0	0	0	0	0	0			0	0		0		0		0	0	0		
2025-02-08T01:42:05.533Z	0				0	0	0	0	0	0			0	0		0		0		0	0	0		
2025-02-09T01:49:14.039Z	0				0	0	0	0	0	0			0	0		0		0		0	0	0		
2025-02-10T01:46:44.648Z	0				0	0	0	0	0	0			0	0		0		0		0	0	0		
2025-02-11T01:45:08.874Z	0				0	0	0	0	0	0			0	0		0		0		0	0	0		
2025-02-12T01:45:24.967Z	0				0	0	0	0	0	0			0	0		0		0		0	0	0		
2025-02-13T01:45:56.211Z	0				0	0	0	0	0	0			0	0		0		0		0	0	0		
2025-02-14T01:45:25.064Z	0				0	0	0	0	0	0			0	0		0		0		0	0	0		
2025-02-15T01:44:12.326Z	0				0	0	0	0	0	0			0	0		0		0		0	0	0		
2025-02-16T01:52:51.413Z	0				0	0	0	0	0	0			0	0		0		0		0	0	0		
2025-02-17T01:49:10.816Z	0				0	0	0	0	0	0			0	0		0		0		0	0	0		
2025-02-18T01:45:18.760Z	0				0	0	0	0	0	0			0	0		0		0		0	0	0		
2025-02-19T01:46:27.845Z	0				0	0	0	0	0	0			0	0		0		0		0	0	0		
2025-02-20T01:46:50.575Z	0				0	0	0	0	0	0			0	0		0		0		0	0	0		
2025-02-21T01:47:03.732Z	0				0	0	0	0	0	0			0	0		0		0		0	0	0		
2025-02-22T01:43:19.281Z	0				0	0	0	0	0	0			0	0		0		0		0	0	0		
2025-02-23T01:52:51.956Z	0				0	0	0	0	0	0			0	0		0		0		0	0	0		
2025-02-24T01:49:36.575Z	0				0	0	0	0	0	0			0	0		0		0		0	0	0		
2025-02-25T01:48:50.370Z	0				0	0	0	0	0	0			0	0		0		0		0	0	0		
2025-02-26T01:48:14.274Z	0				0	0	0	0	0	0			0	0		0		0		0	0	0		
2025-02-27T01:48:58.307Z	0				0	0	0	0	0	0			0	0		0		0		0	0	0		
2025-02-28T01:49:02.392Z	0				0	0	0	0	0	0			0	0		0		0		0	0	0		
2025-03-01T01:55:16.611Z	0				0	0	0	0	0	0			0	0		0		0		0	0	0		
2025-03-02T01:54:10.557Z	0				0	0	0	0	0	0			0	0		0		0		0	0	0		
2025-03-03T01:52:09.761Z	0				0	0	0	0	0	0			0	0		0		0		0	0	0		
2025-03-04T01:50:43.613Z	0				0	0	0	0	0	0			0	0		0		0		0	0	0		
2025-03-05T01:50:40.240Z	0				0	0	0	0	0	0			0	0		0		0		0	0	0		
2025-03-06T01:50:52.386Z	0				0	0	0	0	0	0			0	0		0		0		0	0	0		
2025-03-07T01:51:24.466Z	0				0	0	0	0	0	0			0	0		0		0		0	0	0		
2025-03-08T01:22:46.693Z	0				0	0	0	0	0	0			0	0		0		0		0	0	0		
2025-03-09T01:35:13.554Z	0				0	0	0	0	0	0			0	0		0		0		0	0	0		
2025-03-10T01:33:23.180Z	0				0	0	0	0	0	0			0	0		0		0		0	0	0		
2025-03-11T01:51:46.314Z	0				0	0	0	0	0	0			0	0		0		0		0	0	0		
2025-03-12T01:50:30.639Z	0				0	0	0	0	0	0			0	0		0		0		0	0	0		
2025-03-13T01:52:23.733Z	0				0	0	0	0	0	0			0	0		0		0		0	0	0		
2025-03-14T01:50:14.041Z	0				0	0	0	0	0	0			0	0		0		0		0	0	0		
2025-03-15T01:49:14.030Z	0				0	0	0	0	0	0			0	0		0		0		0	0	0		
2025-03-16T01:58:00.551Z	0				0	0	0	0	0	0			0	0		0		0		0	0	0		
2025-03-17T01:54:46.485Z	0				0	0	0	0	0	0			0	0		0		0		0	0	0		
2025-03-18T01:52:45.076Z	0				0	0	0	0	0	0			0	0		0		0		0	0	0		
2025-03-19T01:52:47.400Z	0				0	0	0	0	0	0			0	0		0		0		0	0	0		
2025-03-20T01:51:55.655Z	0				0	0	0	0	0	0			0	0		0		0		0	0	0		
2025-03-21T01:53:50.913Z	0				0	0	0	0	0	0			0	0		0		0		0	0	0		
2025-03-22T01:50:29.016Z	0				0	0	0	0	0	0			0	0		0		0		0	0	0		
2025-03-23T01:59:15.741Z	0				0	0	0	0	0	0			0	0		0		0		0	0	0		
2025-03-24T01:56:48.278Z	0				0	0	0	0	0	0			0	0		0		0		0	0	0		
2025-03-25T01:54:26.015Z	0				0	0	0	0	0	0			0	0		0		0		0	0	0		
2025-03-26T01:53:27.851Z	0				0	0	0	0	0	0			0	0		0		0		0	0	0		
2025-03-27T01:53:22.537Z	0				0	0	0	0	0	0			0	0		0		0		0	0	0		
2025-03-28T01:53:45.131Z	0				0	0	0	0	0	0			0	0		0		0		0	0	0		
2025-03-29T01:52:38.675Z	0				0	0	0	0	0	0			0	0		0		0		0	0	0		
2025-03-30T02:01:36.262Z	0				0	0	0	0	0	0			0	0		0		0		0	0	0		
2025-03-31T01:59:44.460Z	0				0	0	0	0	0	0			0	0		0		0		0	0	0		
2025-04-01T02:06:28.444Z	0				0	0	0	0	0	0			0	0		0		0		0	0	0		
2025-04-02T01:55:41.874Z	0				0	0	0	0	0	0			0	0		0		0		0	0	0		
2025-04-03T01:54:09.649Z	0				0	0	0	0	0	0			0	0		0		0		0	0	0		
2025-04-04T01:54:11.916Z	0				0	0	0	0	0	0			0	0		0		0		0	0	0		
2025-04-05T01:52:37.242Z	0				0	0	0	0	0	0			0	0		0		0		0	0	0		
2025-04-06T02:00:26.550Z	0				0	0	0	0	0	0			0	0		0		0		0	0	0		
2025-04-07T01:57:57.871Z	0				0	0	0	0	0	0			0	0		0		0		0	0	0		
2025-04-08T01:54:58.808Z	0				0	0	0	0	0	0			0	0		0		0		0	0	0		
2025-04-09T01:55:11.892Z	0				0	0	0	0	0	0			0	0		0		0		0	0	0		
2025-04-10T01:55:08.332Z	0				0	0	0	0	0	0			0	0		0		0		0	0	0		
2025-04-11T01:55:49.760Z	0				0	0	0	0	0	0			0	0		0		0		0	0	0		
2025-04-12T01:52:57.163Z	0				0	0	0	0	0	0			0	0		0		0		0	0	0		
2025-04-13T03:21:46.624Z	0				0	0	0	0	0	0			0	0		0		0		0	0	0		
2025-04-14T01:59:53.965Z	0				0	0	0	0	0	0			0	0		0		0		0	0	0		
2025-04-15T01:58:30.897Z	0				0	0	0	0	0	0			0	0		0		0		0	0	0		
2025-04-16T01:58:12.992Z	0				0	0	0	0	0	0			0	0		0		0		0	0	0		
2025-04-17T01:56:27.970Z	0				0	0	0	0	0	0			0	0		0		0		0	0	0		
2025-04-18T01:53:52.462Z	0				0	0	0	0	0	0			0	0		0		0		0	0	0		
2025-04-19T01:51:56.699Z	0				0	0	0	0	0	0			0	0		0		0		0	0	0		
2025-04-20T02:03:36.199Z	0				0	0	0	0	0	0			0	0		0		0		0	0	0		
2025-04-21T02:02:18.766Z	0				0	0	0	0	0	0			0	0		0		0		0	0	0		
2025-04-22T01:57:13.841Z	0				0	0	0	0	0	0			0	0		0		0		0	0	0		
2025-04-23T01:57:55.753Z	0				0	0	0	0	0	0			0	0		0		0		0	0	0		
2025-04-24T01:58:20.932Z	0				0	0	0	0	0	0			0	0		0		0		0	0	0		
2025-04-25T01:58:58.677Z	0				0	0	0	0	0	0			0	0		0		0		0	0	0		
2025-04-26T01:54:32.825Z	0				0	0	0	0	0	0			0	0		0		0		0	0	0		
2025-04-27T02:04:09.534Z	0				0	0	0	0	0	0			0	0		0		0		0	0	0		
2025-04-28T02:02:08.366Z	0				0	0	0	0	0	0			0	0		0		0		0	0	0		
2025-04-29T01:59:24.168Z	0				0	0	0	0	0	0			0	0		0		0		0	0	0		
2025-04-30T01:59:06.350Z	0				0	0	0	0	0	0			0	0		0		0		0	0	0		
2025-05-01T02:08:18.024Z	0				0	0	0	0	0	0			0	0		0		0		0	0	0		
2025-05-02T01:59:53.956Z	0				0	0	0	0	0	0			0	0		0		0		0	0	0		
2025-05-03T01:57:03.045Z	0				0	0	0	0	0	0			0	0		0		0		0	0	0		
2025-05-04T02:09:31.471Z	0				0	0	0	0	0	0			0	0		0		0		0	0	0		
2025-05-05T02:04:14.690Z	0				0	0	0	0	0	0			0	0		0		0		0	0	0		
2025-05-06T02:00:41.862Z	0				0	0	0	0	0	0			0	0		0		0		0	0	0		
2025-05-07T02:01:23.461Z	0				0	0	0	0	0	0			0	0		0		0		0	0	0		
2025-05-08T02:02:13.156Z	0				0	0	0	0	0	0			0	0		0		0		0	0	0		
2025-05-09T02:01:07.846Z	0				0	0	0	0	0	0			0	0		0		0		0	0	0		
2025-05-10T01:56:21.794Z	0				0	0	0	0	0	0			0	0		0		0		0	0	0		
2025-05-11T02:07:28.074Z	0				0	0	0	0	0	0			0	0		0		0		0	0	0		
2025-05-12T02:05:19.853Z	0				0	0	0	0	0	0			0	0		0		0		0	0	0		
2025-05-13T02:02:53.928Z	0				0	0	0	0	0	0			0	0		0		0		0	0	0		
2025-05-14T02:01:23.739Z	0				0	0	0	0	0	0			0	0		0		0		0	0	0		
2025-05-15T02:00:16.924Z	0				0	0	0	0	0	0			0	0		0		0		0	0	0		
2025-05-16T02:03:02.150Z	0				0	0	0	0	0	0			0	0		0		0		0	0	0		
2025-05-17T01:59:07.488Z	0				0	0	0	0	0	0			0	0		0		0		0	0	0		
2025-05-18T02:09:06.639Z	0				0	0	0	0	0	0			0	0		0		0		0	0	0		
2025-05-19T02:07:49.153Z	0				0	0	0	0	0	0			0	0		0		0		0	0	0		
2025-05-20T02:03:36.878Z	0				0	0	0	0	0	0			0	0		0		0		0	0	0		
2025-05-21T02:03:03.704Z	0				0	0	0	0	0	0			0	0		0		0		0	0	0		
2025-05-22T02:02:37.588Z	0				0	0	0	0	0	0			0	0		0		0		0	0	0		
2025-05-23T02:02:22.676Z	0				0	0	0	0	0	0			0	0		0		0		0	0	0		
2025-05-24T01:58:04.281Z	0				0	0	0	0	0	0			0	0		0		0		0	0	0		
2025-05-25T02:13:40.930Z	0				0	0	0	0	0	0			0	0		0		0		0	0	0		
2025-05-26T02:06:20.864Z	0				0	0	0	0	0	0			0	0		0		0		0	0	0		
2025-05-27T02:01:35.848Z	0				0	0	0	0	0	0			0	0		0		0		0	0	0		
2025-05-28T02:03:39.833Z	0				0	0	0	0	0	0			0	0		0		0		0	0	0		
2025-05-29T02:03:22.411Z	0				0	0	0	0	0	0			0	0		0		0		0	0	0		
2025-05-30T02:01:10.936Z	0				0	0	0	0	0	0			0	0		0		0		0	0	0		
2025-05-31T02:00:36.015Z	0				0	0	0	0	0	0			0	0		0		0		0	0	0		
2025-06-01T02:28:28.806Z	0				0	0	0	0	0	0			0	0		0		0		0	0	0		
2025-06-02T02:08:55.593Z	0				0	0	0	0	0	0			0	0		0		0		0	0	0		
2025-06-03T02:05:25.552Z	0				0	0	0	0	0	0			0	0		0		0		0	0	0		
2025-06-04T02:05:26.897Z	0				0	0	0	0	0	0			0	0		0		0		0	0	0		
2025-06-05T02:04:21.825Z	0				0	0	0	0	0	0			0	0		0		0		0	0	0		
2025-06-06T02:03:34.001Z	0				0	0	0	0	0	0			0	0		0		0		0	0	0		
2025-06-07T02:02:54.795Z	0				0	0	0	0	0	0			0	0		0		0		0	0	0		
2025-06-08T09:19:51.282Z					0	0	0	0	0	0			0	0		0		0		0	0	0		0
2025-06-09T02:11:20.936Z					0	0	0	0	0	0			0	0		0		0		0	0	0		0
2025-06-10T02:07:17.568Z					0	0	0	0	0	0			0	0		0		0		0	0	0		0
2025-06-11T02:06:14.216Z					0	0	0	0	0	0			0	0		0		0		0	0	0		0
2025-06-12T02:04:43.694Z					0	0	0	0	0	0			0	0		0		0		0	0	0		0
2025-06-13T02:06:19.504Z					0	0	0	0	0	0			0	0		0		0		0	0	0		0
2025-06-14T02:01:44.216Z					0	0	0	0	0	0			0	0		0		0		0	0	0		0
2025-06-15T02:21:30.474Z					0	0	0	0	0	0			0	0		0		0		0	0	0		0
2025-06-16T02:10:07.240Z					0	0	0	0	0	0			0	0		0		0		0	0	0		0
2025-06-17T02:06:41.755Z					0	0	0	0	0	0			0	0		0		0		0	0	0		0
2025-06-18T02:05:44.229Z					0	0	0	0	0	0			0	0		0		0		0	0	0		0
2025-06-19T02:06:29.932Z					0	0	0	0	0	0			0	0		0		0		0	0	0		0
2025-06-20T02:05:34.012Z					0	0	0	0	0	0			0	0		0		0		0	0	0		0
2025-06-21T02:03:12.536Z					0	0	0	0	0	0			0	0		0		0		0	0	0		0
2025-06-22T02:21:26.474Z					0	0	0	0	0	0			0	0		0		0		0	0	0		0
2025-06-23T02:19:35.776Z					0	0	0	0	0	0			0	0		0		0		0	0	0		0
2025-06-24T02:07:26.853Z					0	0	0	0	0	0			0	0		0		0		0	0	0		0
2025-06-25T02:07:36.736Z					0	0	0	0	0	0			0	0		0		0		0	0	0		0
2025-06-26T02:06:45.915Z					0	0	0	0	0	0			0	0		0		0		0	0	0		0
2025-06-27T02:07:33.009Z					0	0	0	0	0	0			0	0		0		0		0	0	0		0
2025-06-28T02:02:56.807Z					0	0	0	0	0	0			0	0		0		0		0	0	0		0
2025-06-29T02:23:56.577Z					0	0	0	0	0	0			0	0		0		0		0	0	0		0
2025-06-30T02:18:40.023Z					0	0	0	0	0	0			0	0		0		0		0	0	0		0
2025-07-01T02:25:01.441Z					0	0	0	0	0	0			0	0		0		0		0	0	0		0
2025-07-02T02:07:05.466Z					0	0	0	0	0	0			0	0		0		0		0	0	0		0
2025-07-03T02:07:27.632Z					0	0	0	0	0	0			0	0		0		0		0	0	0		0
2025-07-04T02:06:49.247Z					0	0	0	0	0	0			0	0		0		0		0	0	0		0
2025-07-05T02:02:49.692Z					0	0	0	0	0	0			0	0		0		0		0	0	0		0
2025-07-06T02:22:32.157Z					0	0	0	0	0	0			0	0		0		0		0	0	0		0
2025-07-07T02:19:08.971Z					0	0	0	0	0	0			0	0		0		0		0	0	0		0
2025-07-08T02:08:06.680Z					0	0	0	0	0	0			0	0		0		0		0	0	0		0
2025-07-09T02:09:41.033Z					0	0	0	0	0	0			0	0		0		0		0	0	0		0
2025-07-10T02:09:43.272Z					0	0	0	0	0	0			0	0		0		0		0	0	0		0
2025-07-11T02:18:29.604Z					0	0	0	0	0	0			0	0		0		0		0	0	0		0
2025-07-12T02:19:02.391Z					0	0	0	0	0	0			0	0		0		0		0	0	0		0
2025-07-13T02:27:12.879Z					0	0	0	0	0	0			0	0		0		0		0	0	0		0
2025-07-14T02:22:45.762Z					0	0	0	0	0	0			0	0		0		0		0	0	0		0
2025-07-15T02:22:26.979Z					0	0	0	0	0	0			0	0		0		0		0	0	0		0
2025-07-16T02:19:01.820Z					0	0	0	0	0	0			0	0		0		0		0	0	0		0
2025-07-17T02:19:53.855Z					0	0	0	0	0	0			0	0		0		0		0	0	0		0
2025-07-18T02:21:11.414Z					0	0	0	0	0	0			0	0		0		0		0	0	0		0
2025-07-19T02:09:17.037Z					0	0	0	0	0	0			0	0		0		0		0	0	0		0
2025-07-20T02:29:47.204Z					0	0	0	0	0	0			0	0		0		0		0	0	0		0
2025-07-21T02:26:24.986Z					0	0	0	0	0	0			0	0		0		0		0	0	0		0
2025-07-22T02:20:28.207Z					0	0	0	0	0	0			0	0		0		0		0	0	0		0
2025-07-23T02:21:44.888Z					0	0	0	0	0	0			0	0		0		0		0	0	0		0
2025-07-24T02:20:48.367Z					0	0	0	0	0	0			0	0		0		0		0	0	0		0
2025-07-25T02:20:23.199Z					0	0	0	0	0	0			0	0		0		0		0	0	0		0
2025-07-26T02:10:54.214Z					0	0	0	0	0	0			0	0		0		0		0	0	0		0
2025-07-27T02:30:52.299Z					0	0	0	0	0	0			0	0		0		0		0	0	0		0
2025-07-28T02:27:16.872Z					0	0	0	0	0	0			0	0		0		0		0	0	0		0
2025-07-29T02:32:26.443Z					0	0	0	0	0	0			0	0		0		0		0	0	0		0
2025-07-30T02:23:44.973Z					0	0	0	0	0	0			0	0		0		0		0	0	0		0
2025-07-31T02:23:08.827Z					0	0	0	0	0	0			0	0		0		0		0	0	0		0
2025-08-01T02:34:35.898Z					0	0	0	0	0	0			0	0		0		0		0	0	0		0
2025-08-02T02:11:55.373Z					0	0	0	0	0	0			0	0		0		0		0	0	0		0
2025-08-03T02:33:12.428Z					0	0	0	0	0	0			0	0		0		0		0	0	0		0
2025-08-04T02:32:32.681Z					0	0	0	0	0	0			0	0		0		0		0	0	0		0
2025-08-05T02:26:21.869Z					0	0	0	0	0	0			0	0		0		0		0	0	0		0
2025-08-06T02:24:23.122Z					0	0	0	0	0	0			0	0		0		0		0	0	0		0
2025-08-07T02:24:47.907Z					0	0	0	0	0	0			0	0		0		0		0	0	0		0
2025-08-08T02:24:37.916Z					0	0	0	0	0	0			0	0		0		0		0	0	0		0
2025-08-09T02:06:50.621Z					0	0	0	0	0	0			0	0		0		0		0	0	0		0
2025-08-10T02:28:27.405Z					0	0	0	0	0	0			0	0		0		0		0	0	0		0
2025-08-11T02:24:15.579Z					0	0	0	0	0	0			0	0		0		0		0	0	0		0
2025-08-12T02:06:20.685Z					0	0	0	0	0	0			0	0		0		0		0	0	0		0
2025-08-13T02:07:56.580Z					0	0	0	0	0	0			0	0		0		0		0	0	0		0
2025-08-14T02:08:38.022Z					0	0	0	0	0	0			0	0		0		0		0	0	0		0
2025-08-15T02:09:17.572Z					0	0	0	0	0	0			0	0		0		0		0	0	0		0
2025-08-16T02:03:09.580Z					0	0	0	0	0	0			0	0		0		0		0	0	0		0
2025-08-17T02:20:44.188Z					0	0	0	0	0	0			0	0		0		0		0	0	0		0
2025-08-18T02:21:24.526Z					0	0	0	0	0	0			0	0		0		0		0	0	0		0
2025-08-19T02:01:56.839Z					0	0	0	0	0	0			0	0		0		0		0	0	0		0
2025-08-20T02:00:05.537Z					0	0	0	0	0	0			0	0		0		0		0	0	0		0
2025-08-21T01:58:44.510Z					0	0	0	0	0	0			0	0		0		0		0	0	0		0
2025-08-22T01:59:29.941Z					0	0	0	0	0	0			0	0		0		0		0	0	0		0
2025-08-23T01:55:14.373Z					0	0	0	0	0	0			0	0		0		0		0	0	0		0
2025-08-24T02:10:25.691Z					0	0	0	0	0	0			0	0		0		0		0	0	0		0
2025-08-25T02:04:28.677Z					0	0	0	0	0	0			0	0		0		0		0	0	0		0
2025-08-26T02:00:30.428Z					0	0	0	0	0	0			0	0		0		0		0	0	0		0
2025-08-27T01:56:25.514Z					0	0	0	0	0	0			0	0		0		0		0	0	0		0
2025-08-28T01:55:49.259Z					0	0	0	0	0	0			0	0		0		0		0	0	0		0
2025-08-29T01:55:47.405Z					0	0	0	0	0	0			0	0		0		0		0	0	0		0
2025-08-30T01:50:15.410Z					0	0	0	0	0	0			0	0		0		0		0	0	0		0
2025-08-31T02:01:37.076Z					0	0	0	0	0	0			0	0		0		0		0	0	0		0
2025-09-01T02:17:56.967Z					0	0	0	0	0	0			0	0		0		0		0	0	0		0
2025-09-02T01:57:52.702Z					0	0	0	0	0	0			0	0		0		0		0	0	0		0
2025-09-03T01:49:40.083Z					0	0	0	0	0	0			0	0		0		0		0	0	0		0
2025-09-04T01:50:22.957Z					0	0	0	0	0	0			0	0		0		0		0	0	0		0
2025-09-05T01:53:00.192Z					0	0	0	0	0	0			0	0		0		0		0	0	0		0
2025-09-06T01:50:02.837Z					0	0	0	0	0	0			0	0		0		0		0	0	0		0
2025-09-07T01:58:59.876Z					0	0	0	0	0	0			0	0		0		0		0	0	0		0
2025-09-08T01:58:48.378Z					0	0	0	0	0	0			0	0		0		0		0	0	0		0
2025-09-09T01:54:54.119Z					0	0	0	0	0	0			0	0		0		0		0	0	0		0
2025-09-10T01:50:48.963Z					0	0	0	0	0	0			0	0		0		0		0	0	0		0
2025-09-11T01:53:58.138Z					0	0	0	0	0	0			0	0		0		0		0	0	0		0
2025-09-12T01:49:30.994Z					0	0	0	0	0	0			0	0		0		0		0	0	0		0
2025-09-13T01:44:46.578Z					0	0		0	0					0				0		0	0			0
2025-09-14T01:58:19.678Z					0	0	0	0	0	0			0	0		0		0		0	0	0		0
2025-09-15T01:59:57.127Z					0	0	0	0	0	0			0	0		0		0		0	0	0		0
2025-09-16T01:50:47.724Z					0	0	0	0	0	0			0	0		0		0		0	0	0		0
2025-09-17T01:50:36.964Z					0	0	0	0	0	0			0	0		0		0		0	0	0		0
2025-09-18T01:50:42.417Z					0	0	0	0	0	0			0	0		0		0		0	0	0		0
2025-09-19T01:54:08.160Z					0	0	0	0	0	0			0	0		0		0		0	0	0		0
2025-09-20T01:48:47.460Z					0	0	0	0	0	0			0	0		0		0		0	0	0		0
2025-09-21T02:01:48.372Z					0	0	0	0	0	0			0	0		0		0		0	0	0		0
2025-09-22T02:01:47.460Z					0	0	0	0	0	0			0	0		0		0		0	0	0		0
2025-09-23T01:51:37.349Z					0	0	0	0	0	0			0	0		0		0		0	0	0		0
2025-09-24T01:52:53.435Z					0	0	0	0	0	0			0	0		0		0		0	0	0		0
2025-09-25T01:53:56.339Z					0	0	0	0	0	0			0	0		0		0		0	0	0		0
2025-09-26T01:53:11.454Z					0	0	0	0	0	0			0	0		0		0		0	0	0		0
2025-09-27T01:48:30.570Z					0	0	0	0	0	0			0	0		0		0		0	0	0		0
2025-09-28T02:02:37.143Z					0	0	0	0	0	0			0	0		0		0		0	0	0		0
2025-09-29T01:56:16.079Z					0	0	0	0	0	0			0	0		0		0		0	0	0		0
2025-09-30T01:51:13.047Z					0	0	0	0	0	0			0	0		0		0		0	0	0		0
2025-10-01T02:03:44.612Z					0	0	0	0	0	0			0	0		0		0		0	0	0		0
2025-10-02T01:51:39.303Z					0	0	0	0	0	0			0	0		0		0		0	0	0		0
2025-10-03T01:51:03.212Z					0	0	0	0	0	0			0	0		0		0		0	0	0		0
2025-10-04T01:47:04.484Z					0	0	0	0	0	0			0	0		0		0		0	0	0		0
2025-10-05T02:02:02.282Z					0	0	0	0	0	0			0	0		0		0		0	0	0		0
2025-10-06T01:54:28.684Z					0	0	0	0	0	0			0	0		0		0		0	0	0		0
2025-10-07T01:52:04.402Z					0	0	0	0	0	0			0	0		0		0		0	0	0		0
2025-10-08T01:52:05.081Z					0	0	0	0	0	0			0	0		0		0		0	0	0		0
2025-10-09T01:53:06.503Z					0	0	0	0	0	0			0	0		0		0		0	0	0		0
2025-10-10T01:53:41.749Z					0	0	0	0	0	0			0	0		0		0		0	0	0		0
2025-10-11T01:48:45.469Z					0	0	0	0	0	0			0	0		0		0		0	0	0		0
2025-10-12T01:57:28.014Z					0	0	0	0	0	0			0	0		0		0		0	0	0		0
2025-10-13T02:00:52.602Z					0	0	0	0	0	0			0	0		0		0		0	0	0		0
2025-10-14T01:54:04.200Z					0	0	0	0	0	0			0	0		0		0		0	0	0		0
2025-10-15T01:56:57.980Z					0	0	0	0	0	0			0	0		0		0		0	0	0		0
2025-10-16T01:55:38.947Z					0	0	0	0	0	0			0	0		0		0		0	0	0		0
2025-10-17T01:54:28.552Z					0	0	0	0	0	0			0	0		0		0		0	0	0		0
2025-10-18T01:49:26.979Z					0	0	0	0	0	0			0	0		0		0		0	0	0		0
2025-10-19T02:07:40.071Z					0	0	0	0	0	0			0	0		0		0		0	0	0		0
2025-10-20T02:04:27.639Z					0	0	0	0	0	0			0	0		0		0		0	0	0		0
2025-10-21T01:57:46.198Z					0	0	0	0	0	0			0	0		0		0		0	0	0		0
2025-10-22T02:01:03.295Z					0	0	0	0	0	0			0	0		0		0		0	0	0		0
2025-10-23T01:56:25.460Z					0	0	0	0	0	0			0	0		0		0		0	0	0		0
2025-10-24T01:52:30.713Z					0	0	0	0	0	0			0	0		0		0		0	0	0		0
2025-10-25T01:54:11.647Z					0	0	0	0	0	0			0	0		0		0		0	0	0		0
2025-10-26T02:03:23.893Z					0	0	0	0	0	0			0	0		0		0		0	0	0		0
2025-10-27T02:07:38.626Z					0	0	0	0	0	0			0	0		0		0		0	0	0		0
2025-10-28T01:56:43.268Z					0	0	0	0	0	0			0	0		0		0		0	0	0		0
2025-10-29T02:04:06.890Z					0	0	0	0	0	0			0	0		0		0		0	0	0		0
2025-10-30T02:03:15.219Z					0	0	0	0	0	0			0	0		0		0		0	0	0		0
2025-10-31T01:59:56.756Z					0	0	0	0	0	0			0	0		0		0		0	0	0		0
2025-11-01T02:03:41.258Z					0	0	0	0	0	0			0	0		0		0		0	0	0		0
2025-11-02T02:06:29.360Z					0	0	0	0	0	0			0	0		0		0		0	0	0		0
2025-11-03T02:05:25.598Z					0	0	0	0	0	0			0	0		0		0		0	0	0		0
2025-11-04T02:00:35.862Z					0	0	0	0	0	0			0	0		0		0		0	0	0		0
2025-11-05T02:01:59.796Z					0	0	0	0	0	0			0	0		0		0		0	0	0		0
2025-11-06T02:02:09.650Z					0	0	0	0	0	0			0	0		0		0		0	0	0		0
2025-11-07T02:00:27.066Z					0	0	0	0	0	0			0	0		0		0		0	0	0		0
2025-11-08T01:54:24.628Z					0	0	0	0	0	0			0	0		0		0		0	0	0		0
2025-11-09T02:05:17.509Z					0	0	0	0	0	0			0	0		0		0		0	0	0		0
2025-11-10T02:06:36.926Z					0	0	0	0	0	0			0	0		0		0		0	0	0		0
2025-11-11T02:02:47.353Z					0	0	0	0	0	0			0	0		0		0		0	0	0		0
2025-11-12T02:01:42.840Z					0	0	0	0	0	0			0	0		0		0		0	0	0		0
2025-11-13T02:03:53.692Z					0	0	0	0	0	0			0	0		0		0		0	0	0		0
2025-11-14T02:02:22.483Z					0	0	0	0	0	0			0	0		0		0		0	0	0		0
2025-11-15T01:58:07.987Z					0	0	0	0	0	0			0	0		0		0		0	0	0		0
2025-11-16T02:08:14.870Z					0	0	0	0	0	0			0	0		0		0		0	0	0		0
2025-11-17T02:03:34.252Z					0	0	0	0	0	0			0	0		0		0		0	0	0		0
2025-11-18T02:01:33.483Z					0	0	0	0	0	0			0	0		0		0		0	0	0		0
2025-11-19T02:01:28.829Z					0	0	0	0	0	0			0	0		0		0		0	0	0		0
2025-11-20T01:59:57.187Z					0	0	0	0	0	0			0	0		0		0		0	0	0		0
2025-11-21T02:00:45.543Z					0	0	0	0	0	0			0	0		0		0		0	0	0		0
2025-11-22T01:56:35.456Z					0	0	0	0	0	0			0	0		0		0		0	0	0		0
2025-11-23T02:21:45.128Z					0	0	0	0	0	0			0	0		0		0		0	0	0		0
2025-11-24T02:09:56.945Z					0	0	0	0	0	0			0	0		0		0		0	0	0		0
2025-11-25T02:03:04.234Z					0	0	0	0	0	0			0	0		0		0		0	0	0		0
2025-11-26T02:03:25.231Z					0	0	0	0	0	0			0	0		0		0		0	0	0		0
2025-11-27T02:00:44.845Z					0	0	0	0	0	0			0	0		0		0		0	0	0		0
2025-11-28T02:00:24.241Z					0	0	0	0	0	0			0	0		0		0		0	0	0		0
2025-11-29T02:00:16.433Z					0	0	0	0	0	0			0	0		0		0		0	0	0		0
2025-11-30T02:20:25.599Z					0	0	0	0	0	0			0	0		0		0		0	0	0		0
2025-12-01T02:29:09.045Z					0	0	0	0	0	0			0	0		0		0		0	0	0		0
2025-12-02T02:05:15.470Z					0	0	0	0	0	0			0	0		0		0		0	0	0		0
2025-12-03T02:04:41.461Z					0	0	0	0	0	0			0	0		0		0		0	0	0		0
2025-12-04T02:05:52.771Z					0	0	0	0	0	0			0	0		0		0		0	0	0		0
2025-12-05T02:06:08.442Z					0	0	0	0	0	0			0	0		0		0		0	0	0		0
2025-12-06T01:59:29.825Z					0	0	0	0	0	0			0	0		0		0		0	0	0		0
2025-12-07T02:21:14.491Z					0	0	0	0	0	0			0	0		0		0		0	0	0		0
2025-12-08T02:07:12.866Z					0	0	0	0	0	0			0	0		0		0		0	0	0		0
2025-12-09T02:05:49.635Z					0	0	0	0	0	0			0	0		0		0		0	0	0		0
2025-12-10T02:08:06.245Z					0	0	0	0	0	0			0	0		0		0		0	0	0		0
2025-12-11T02:09:35.697Z					0	0	0	0	0	0			0	0		0		0		0	0	0		0
2025-12-12T02:09:27.947Z					0	0	0	0	0	0			0	0		0		0		0	0	0		0
2025-12-13T02:02:46.614Z					0	0	0	0	0	0			0	0		0		0		0	0	0		0
2025-12-14T02:21:57.484Z					0	0	0	0	0	0			0	0		0		0		0	0	0		0
2025-12-15T02:19:18.382Z					0	0	0	0	0	0			0	0		0		0		0	0	0		0
2025-12-16T02:10:16.511Z					0	0	0	0	0	0			0	0		0		0		0	0	0		0
2025-12-17T02:05:12.016Z					0	0	0	0	0	0			0	0		0		0		0	0	0		0
2025-12-18T02:05:51.529Z					0	0	0	0	0	0			0	0		0		0		0	0	0		0
2025-12-19T02:09:02.489Z					0	0	0	0	0	0			0	0		0		0		0	0	0		0
2025-12-20T02:02:22.779Z					0	0	0	0	0	0			0	0		0		0		0	0	0		0
2025-12-21T02:22:08.618Z					0	0	0	0	0	0			0	0		0		0		0	0	0		0
2025-12-22T02:20:56.821Z					0	0	0	0	0	0			0	0		0		0		0	0	0		0
2025-12-23T02:10:10.267Z					0	0	0	0	0	0			0	0		0		0		0	0			0
2025-12-24T02:08:18.042Z					0	0	0	0	0	0			0	0		0		0		0	0			0
2025-12-25T02:10:35.103Z					0	0	0	0	0	0			0	0		0		0		0	0			0
2025-12-26T02:09:27.610Z					0	0	0	0	0	0			0	0		0		0		0	0			0
2025-12-27T02:07:12.140Z					0	0	0	0	0	0			0	0		0		0		0	0			0
2025-12-28T02:27:56.989Z					0	0	0	0	0	0			0	0		0		0		0	0			0
2025-12-29T02:25:49.888Z					0	0	0	0	0	0			0	0		0		0		0	0			0
2025-12-30T02:11:02.519Z					0	0	0	0	0	0			0	0		0		0		0	0			0
2025-12-31T02:11:27.335Z					0	0	0	0	0	0			0	0		0		0		0	0			0
2026-01-01T02:28:41.610Z					0	0	0	0	0	0			0	0		0		0		0	0			0
2026-01-02T02:19:08.068Z					0	0	0	0	0	0			0	0		0		0		0	0			0
2026-01-03T02:06:27.245Z					0	0	0	0	0	0			0	0		0		0		0	0			0
2026-01-04T02:30:06.042Z					0	0	0	0	0	0			0	0		0		0		0	0			0
2026-01-05T02:29:32.975Z					0	0	0	0	0	0			0	0		0		0		0	0			0
2026-01-06T02:18:53.769Z					0	0	0	0	0	0			0	0		0		0		0	0			0
2026-01-07T02:18:47.395Z					0	0	0	0	0	0			0	0		0		0		0	0			0
2026-01-08T02:19:16.033Z					0	0	0	0	0	0			0	0		0		0		0	0			0
2026-01-09T02:19:46.680Z					0	0	0	0	0	0			0	0		0		0		0	0			0
2026-01-10T02:09:36.953Z					0	0	0	0	0	0			0	0		0		0		0	0			0
2026-01-11T02:29:49.492Z					0	0	0	0	0	0			0	0		0		0		0	0			0
2026-01-12T02:25:32.598Z					0	0	0	0	0	0			0	0		0		0		0	0			0
2026-01-13T02:10:52.606Z					0	0	0	0	0	0			0	0		0		0		0	0			0
2026-01-14T02:24:20.234Z					0	0	0	0	0	0			0	0		0		0		0	0			0
2026-01-15T02:18:39.937Z					0	0	0	0	0	0			0	0		0		0		0	0			0
2026-01-16T02:20:32.274Z					0	0	0	0	0	0			0	0		0		0		0	0			0
2026-01-17T02:07:57.222Z					0	0	0	0	0	0			0	0		0		0		0	0			0
2026-01-18T02:28:26.004Z					0	0	0	0	0	0			0	0		0		0		0	0			0
2026-01-19T02:25:46.968Z					0	0	0	0	0	0			0	0		0		0		0	0			0
2026-01-20T02:20:48.663Z					0	0	0	0	0	0			0	0		0		0		0	0			0
2026-01-21T02:23:41.359Z					0	0	0	0	0	0			0	0		0		0		0	0			0
2026-01-22T02:24:59.141Z					0	0	0	0	0	0			0	0		0		0		0	0			0
2026-01-23T02:20:51.687Z					0	0	0	0	0	0			0	0		0		0		0	0			0
2026-01-24T02:10:29.238Z					0	0	0	0	0	0			0	0		0		0		0	0			0
2026-01-25T02:32:16.903Z					0	0	0	0	0	0			0	0		0		0		0	0			0
2026-01-26T02:31:17.759Z					0	0	0	0	0	0			0	0		0		0		0	0			0
2026-01-27T02:26:54.887Z					0	0	0	0	0	0			0	0		0		0		0	0			0
2026-01-28T02:23:08.356Z					0	0	0	0	0	0			0	0		0		0		0	0			0
2026-01-29T02:40:08.618Z					0	0	0	0	0	0			0	0		0		0		0	0			0
2026-01-30T02:40:39.274Z					0	0	0	0	0	0			0	0		0		0		0	0			0
2026-01-31T02:35:44.981Z					0	0	0	0	0	0			0	0		0		0		0	0			0
2026-02-01T03:17:55.313Z					0	0	0	0	0	0			0	0		0		0		0	0			0
2026-02-02T02:50:38.566Z					0	0	0	0	0	0			0	0		0		0		0	0			0
2026-02-03T02:46:53.469Z					0	0	0	0	0	0			0	0		0		0		0	0			0
2026-02-04T02:41:26.927Z					0	0	0	0	0	0			0	0		0		0		0	0			0
2026-02-05T02:43:43.843Z					0	0	0	0	0	0			0	0		0		0		0	0			0
2026-02-06T02:43:45.863Z					0	0	0	0	0	0			0	0		0		0		0	0			0
2026-02-07T02:39:21.442Z					0	0	0	0	0	0			0	0		0		0		0	0			0
2026-02-08T03:23:10.212Z					0	0	0	0	0	0			0	0		0		0		0	0			0
2026-02-09T02:51:33.877Z					0	0	0	0	0	0			0	0		0		0		0	0			0
2026-02-10T03:15:59.290Z					0	0	0	0	0	0			0	0		0		0		0	0			0
2026-02-11T03:13:59.203Z					0	0	0	0	0	0			0	0		0		0		0	0			0
2026-02-12T02:53:36.406Z					0	0	0	0	0	0			0	0		0		0		0	0			0
2026-02-13T02:53:41.036Z					0	0	0	0	0	0			0	0		0		0		0	0			0
2026-02-14T02:41:24.290Z					0	0	0	0	0	0			0	0		0		0		0	0			0
2026-02-15T02:54:53.050Z					0	0	0	0	0	0			0	0		0		0		0	0			0
2026-02-16T02:50:08.786Z					0	0	0	0	0	0			0	0		0		0		0	0			0
2026-02-17T02:46:47.507Z					0	0	0	0	0	0			0	0		0		0		0	0			0
2026-02-18T02:49:48.068Z					0	0	0	0	0	0			0	0		0		0		0	0			0
2026-02-19T02:48:53.260Z					0	0	0	0	0	0			0	0		0		0		0	0			0
2026-02-20T02:43:36.120Z					0	0	0	0	0	0			0	0		0		0		0	0			0
2026-02-21T02:37:40.613Z					0	0	0	0	0	0			0	0		0		0		0	0			0
2026-02-22T02:50:19.463Z					0	0	0	0	0	0			0	0		0		0		0	0			0
2026-02-23T02:50:21.035Z					0	0	0	0	0	0			0	0		0		0		0	0			0
2026-02-24T02:47:30.932Z					0	0	0	0	0	0			0	0		0		0		0	0			0
2026-02-25T02:48:34.075Z					0	0	0	0	0	0			0	0		0		0		0	0			0
2026-02-26T02:43:32.726Z					0	0	0	0	0	0			0	0		0		0		0	0			0
2026-02-27T02:42:01.522Z					0	0	0	0	0	0			0	0		0		0		0	0			0
2026-02-28T02:30:51.363Z					0	0	0	0	0	0			0	0		0		0		0	0			0
2026-03-01T03:13:44.664Z					0	0	0	0	0	0			0	0		0		0		0	0			0
